Date,Year,Month,Month_Name,Quarter,Quarter_Year,Ecommerce_Retail_Sales_Millions,Retail_Sales_Total_Millions,Retail_Food_Beverage_Stores,Retail_Grocery_Stores,Retail_Clothing_Stores,Retail_General_Merchandise,Retail_Misc_Store_Retailers,Retail_Electronic_Shopping,Unemployment_Rate,CPI_All_Items,Retail_Sales_Excl_Auto,Retail_Sales_Index,Consumer_Sentiment,Disposable_Income,Personal_Consumption_Expenditures,Ecommerce_Percent_Of_Total,Ecommerce_Retail_Sales_Millions_MoM_Change,Ecommerce_Retail_Sales_Millions_YoY_Change,Retail_Sales_Total_Millions_MoM_Change,Retail_Sales_Total_Millions_YoY_Change,Retail_Food_Beverage_Stores_MoM_Change,Retail_Food_Beverage_Stores_YoY_Change,Retail_Grocery_Stores_MoM_Change,Retail_Grocery_Stores_YoY_Change,Retail_Clothing_Stores_MoM_Change,Retail_Clothing_Stores_YoY_Change,Retail_General_Merchandise_MoM_Change,Retail_General_Merchandise_YoY_Change,Retail_Misc_Store_Retailers_MoM_Change,Retail_Misc_Store_Retailers_YoY_Change,Retail_Electronic_Shopping_MoM_Change,Retail_Electronic_Shopping_YoY_Change,Unemployment_Rate_MoM_Change,Unemployment_Rate_YoY_Change,CPI_All_Items_MoM_Change,CPI_All_Items_YoY_Change,Retail_Sales_Excl_Auto_MoM_Change,Retail_Sales_Excl_Auto_YoY_Change,Retail_Sales_Index_MoM_Change,Retail_Sales_Index_YoY_Change,Consumer_Sentiment_MoM_Change,Consumer_Sentiment_YoY_Change,Disposable_Income_MoM_Change,Disposable_Income_YoY_Change,Personal_Consumption_Expenditures_MoM_Change,Personal_Consumption_Expenditures_YoY_Change,Ecommerce_Percent_Of_Total_MoM_Change,Ecommerce_Percent_Of_Total_YoY_Change
2020-01-01,2020,1,January,1,2020Q1,156916.0,447774,472513.0,57873.0,16314.0,53488.0,9182.0,53293.0,3.6,259.127,515119,-0.4,99.8,15857.3,14844.3,35.043571087200235,,,,,,,,,,,,,,,,,,,,,,,,,,,,,,,,
2020-02-01,2020,2,February,1,2020Q1,156916.0,447972,470728.0,54907.0,18587.0,54481.0,9056.0,51264.0,3.5,259.25,515330,0.0,101.0,15916.8,14833.8,35.02808211227487,0.0,,0.04421873534417031,,-0.3777673841777851,,-5.125015119312981,,13.932818438151283,,1.856491175590791,,-1.3722500544543714,,-3.807254236015989,,-2.777777777777779,,0.04746707213065804,,0.04096140891716171,,-100.0,,1.2024048096192397,,0.3752215068139053,,-0.07073422121622874,,-0.04419919102085501,
2020-03-01,2020,3,March,1,2020Q1,156916.0,420954,468028.0,72560.0,10614.0,60307.0,8313.0,60086.0,4.4,258.076,468324,-6.0,89.1,15704.9,13810.5,37.27628196905125,0.0,,-6.0311805202110875,,-0.5735796468448906,,32.15072759393156,,-42.89557217410018,,10.693636313577205,,-8.20450530035336,,17.208957553058667,,25.714285714285733,,-0.4528447444551498,,-9.12153377447461,,-inf,,-11.782178217821793,,-1.331297748291116,,-6.89843465598835,,6.41827848173433,
2020-04-01,2020,4,April,2,2020Q2,208112.0,370296,401556.0,62967.0,2631.0,54299.0,6279.0,69399.0,14.8,256.032,401028,-12.0,71.8,18030.2,12234.4,56.201525266273464,32.62637334624894,,-12.034093986516336,,-14.202569077063764,,-13.220782800441011,,-75.2119841718485,,-9.962359261777243,,-24.46770119090581,,15.499450787205005,,236.36363636363632,,-0.7920147553434065,,-14.369539037076894,,100.0,,-19.41638608305275,,14.806206979987135,,-11.412331197277437,,50.77020104348111,
2020-05-01,2020,5,May,2,2020Q2,208112.0,437957,497250.0,66893.0,8403.0,63570.0,8484.0,75199.0,13.2,255.802,478449,18.3,72.3,17114.4,13251.7,47.51882034080971,0.0,,18.27213904552034,,23.830798195021362,,6.2350119904076795,,219.38426453819838,,17.07397926296985,,35.11705685618729,,8.357469127797224,,-10.810810810810823,,-0.08983252093487382,,19.30563451928544,,-252.50000000000003,,0.696378830083555,,-5.079255915075809,,8.315078794219577,,-15.449233600558953,
2020-06-01,2020,6,June,2,2020Q2,208112.0,465800,523789.0,62379.0,15756.0,60250.0,9913.0,72740.0,11.0,257.042,518038,6.4,78.1,17047.5,14040.8,44.6784027479605,0.0,,6.357473450589901,,5.33715434891906,,-6.748090233656734,,87.50446269189575,,-5.222589271669031,,16.843470061291853,,-3.2699902924240964,,-16.666666666666664,,0.4847499237691677,,8.274445134173124,,-65.02732240437159,,8.022130013831251,,-0.3908988921609957,,5.954707697880268,,-5.977458136539282,
2020-07-01,2020,7,July,3,2020Q3,212375.0,471873,539300.0,65184.0,17056.0,60876.0,10381.0,74806.0,10.2,258.352,526304,1.3,72.5,17195.8,14303.8,45.006813273910566,2.048416237410633,,1.3037784456848334,,2.9613069384809565,,4.4967056220843515,,8.25082508250825,,1.039004149377587,,4.721073338040949,,2.840252955732736,,-7.272727272727275,,0.5096443382793581,,1.595635841386156,,-79.6875,,-7.170294494238149,,0.8699222759935399,,1.87311264315424,,0.7350543120413056,
2020-08-01,2020,8,August,3,2020Q3,212375.0,473696,536156.0,62869.0,18045.0,61230.0,10412.0,74374.0,8.4,259.316,530735,0.4,74.1,16524.8,14454.9,44.83360636357495,0.0,,0.38633276326469623,,-0.5829779343593522,,-3.5514850270004894,,5.798545966228885,,0.5815099546619296,,0.29862248338310415,,-0.5774937839210792,,-17.647058823529406,,0.3731343283582156,,0.8419088587584334,,-69.23076923076923,,2.2068965517241246,,-3.9021156328871043,,1.056362644891573,,-0.38484597716679225,
2020-09-01,2020,9,September,3,2020Q3,212375.0,482702,521651.0,60370.0,17845.0,57365.0,10196.0,72073.0,7.8,259.997,541302,1.9,80.4,16616.5,14675.4,43.99712451989012,0.0,,1.9012193474295724,,-2.705369332806129,,-3.9749320014633605,,-1.1083402604599613,,-6.312265229462676,,-2.0745293891663463,,-3.09382311022669,,-7.142857142857151,,0.2626139536318739,,1.991012463847297,,374.9999999999999,,8.502024291498,,0.554923508907823,,1.5254342818006306,,-1.8657473969446947,
2020-10-01,2020,10,October,4,2020Q4,217160.0,480763,543242.0,62376.0,19047.0,61776.0,11011.0,76984.0,6.9,260.319,539114,-0.4,81.8,16552.9,14726.0,45.1698654014556,2.2530900529723397,,-0.4016971133328662,,4.138974141715446,,3.3228424714262017,,6.73578033062483,,7.68935762224352,,7.993330717928604,,6.813924770718582,,-11.538461538461531,,0.1238475828567287,,-0.40421058854391845,,-121.05263157894737,,1.741293532338295,,-0.3827520837721421,,0.34479469043433575,,2.665494380286848,
2020-11-01,2020,11,November,4,2020Q4,217160.0,478079,533901.0,62362.0,20197.0,64332.0,10274.0,89527.0,6.7,260.911,533941,-0.6,76.9,16350.6,14704.9,45.4234551193422,0.0,,-0.5582792352988863,,-1.719491497343728,,-0.022444529947418523,,6.037696225127309,,4.137529137529139,,-6.693306693306688,,16.29299594720981,,-2.898550724637683,,0.2274132890799363,,-0.9595373149278275,,49.99999999999998,,-5.990220048899742,,-1.2221423436376777,,-0.14328398750509397,,0.56141349023906,
2020-12-01,2020,12,December,4,2020Q4,217160.0,485949,599648.0,65560.0,30425.0,75076.0,11932.0,101597.0,6.7,262.045,538548,1.6,80.7,16391.2,14827.3,44.68781703429784,0.0,,1.6461714486518009,,12.314455301638327,,5.128122895352938,,50.64118433430706,,16.70086426661692,,16.137823632470315,,13.481966334178509,,0.0,,0.4346309661148906,,0.862829413736721,,-366.6666666666667,,4.941482444733425,,0.24830893055911574,,0.8323756026902496,,-1.6195115125249848,
2021-01-01,2021,1,January,1,2021Q1,227949.0,501604,507633.0,63473.0,14864.0,58736.0,9498.0,74341.0,6.4,262.639,559230,3.2,79.0,18146.5,15081.5,45.44401559796174,4.96822619266899,45.26816895663923,3.2215314775830395,12.021689513013257,-15.344835636906984,7.432599737996637,-3.1833435021354495,9.676360306187682,-51.145439605587505,-8.888071594949121,-21.764611859981887,9.811546515106183,-20.398927254441833,3.441516009583978,-26.827563806017896,39.494867993920415,-4.477611940298509,77.77777777777779,0.226678623900467,1.3553199782346148,3.840326210477052,8.563264022488015,100.0,-900.0,-2.106567534076831,-20.841683366733466,10.708794963150957,14.436253334426418,1.714405185030321,1.5979197402369971,1.6921805848862936,29.67860919448444
2021-02-01,2021,2,February,1,2021Q1,227949.0,488805,480977.0,57967.0,15471.0,53139.0,9087.0,68942.0,6.2,263.573,544891,-2.6,76.8,16633.9,14984.4,46.63393377727314,0.0,45.26816895663923,-2.5516144209376312,9.11507862098524,-5.2510376590962355,2.177265852041943,-8.674554534999135,5.573059901287625,4.083692142088258,-16.764405229461453,-9.529079269953689,-2.4632440667388678,-4.327226784586225,0.34231448763251127,-7.26247965456478,34.48423845193509,-3.125,77.14285714285715,0.3556212139095738,1.667502410800381,-2.564061298571252,5.736324297052375,-181.25,-inf,-2.784810126582282,-23.96039603960396,-8.335491692612894,4.505302573381598,-0.6438351622849225,1.0152489584597468,2.6184265709229715,33.13299205990852
2021-03-01,2021,3,March,1,2021Q1,227949.0,539607,616389.0,63609.0,22898.0,64667.0,11647.0,83485.0,6.1,264.847,603581,10.4,84.9,20445.8,15712.4,42.243521674107264,0.0,45.26816895663923,10.393101543560324,28.186690232186894,28.153529170833536,31.69917184441957,9.733124018838302,-12.335997794928332,48.00594660978605,115.73393631053324,21.694047686256802,7.22967483045085,28.172114009023886,40.10585829423794,21.09454323924458,38.942515727457305,-1.6129032258064613,38.636363636363626,0.4833575517978028,2.623645747764214,10.770961531755896,28.88107378652387,-500.0,-273.3333333333333,10.546875000000021,-4.713804713804704,22.916453748068676,30.187393743353972,4.858386054830355,13.77140581441656,-9.414629535940044,13.32546982335867
2021-04-01,2021,4,April,2,2021Q2,236010.0,542199,612051.0,62593.0,22386.0,64490.0,11817.0,82666.0,6.1,266.625,608961,0.5,88.3,17335.4,15915.0,43.528298650495486,3.5363173341405263,13.405281771353895,0.48034958775553527,46.4231317648584,-0.7037763490263416,52.41983683471296,-1.5972582496187604,-0.5939619165594712,-2.236003144379417,750.8551881413912,-0.27370992933025695,18.768301442015513,1.4596033313299506,88.19875776397517,-0.9810145535126047,19.116990158359638,0.0,-58.7837837837838,0.6713309948762847,4.137373453318349,0.8913468117783596,51.849995511535354,-95.1923076923077,-104.16666666666667,4.004711425206109,22.980501392757667,-15.212904361776003,-3.853534625239874,1.289427458567749,30.08402537108481,3.041358592921739,-22.549613299166428
2021-05-01,2021,5,May,2,2021Q2,236010.0,536589,628079.0,66993.0,24962.0,68853.0,12192.0,80405.0,5.8,268.404,605282,-1.0,82.9,16836.3,15950.5,43.98338393071792,0.0,13.405281771353895,-1.034675460485912,22.520932420306107,2.6187360203643095,26.310507792860726,7.029540044413918,0.1494924730539804,11.50719199499688,197.06057360466497,6.765389982943093,8.31052383199622,3.173394262503182,43.70579915134372,-2.73510270244115,6.922964401122345,-4.91803278688524,-56.060606060606055,0.6672292545710334,4.9264665639830785,-0.6041437793224858,26.50919951760793,-300.0,-105.46448087431695,-6.11551528878821,14.661134163208867,-2.879079802023621,-1.6249474127051022,0.22306000628338207,20.365688930476832,1.0454929191615836,-7.440076131383922
2021-06-01,2021,6,June,2,2021Q2,236010.0,540152,620424.0,65591.0,23705.0,64987.0,12503.0,82163.0,5.9,270.71,611950,0.7,85.5,16757.8,16183.6,43.69325671292525,0.0,13.405281771353895,0.6640091392108305,15.962215543151558,-1.2187957247416281,18.44922287409625,-2.0927559595778633,5.149168790778957,-5.03565419437545,50.450621985275454,-5.614860645142549,7.862240663900422,2.5508530183727007,26.127307575910418,2.1864311920900548,12.954357987352205,1.7241379310344973,-46.36363636363636,0.8591526206762845,5.317418943207719,1.1016352708324462,18.128399847115475,-170.0,-89.0625,3.1363088057901,9.47503201024329,-0.46625446208490295,-1.6993694090042588,1.4613961944766718,15.261238675858934,-0.659629141426854,-2.204971472665773
2021-07-01,2021,7,July,3,2021Q3,232168.0,528600,618951.0,67853.0,24315.0,66591.0,12523.0,77942.0,5.4,271.965,601817,-2.1,81.2,16867.8,16223.5,43.9213015512675,-1.6278971230032635,9.319835197174807,-2.1386572668434023,12.021666846799883,-0.23741828169122625,14.76933061375858,3.4486438688234644,4.094563082965141,2.573296772832734,42.55980300187616,2.4681859448812737,9.387936132466002,0.15996160921378788,20.633850303438983,-5.137348928349739,4.192177098093741,-8.47457627118644,-47.058823529411754,0.46359572974770114,5.269167647240969,-1.6558542364572215,14.347791390527153,-400.0,-261.53846153846155,-5.029239766081872,12.00000000000001,0.6564107460406587,-1.9074425150327423,0.2465458859586267,13.420909129042634,0.5219222724471173,-2.4118830987581052
2021-08-01,2021,8,August,3,2021Q3,232168.0,532477,614172.0,67414.0,24108.0,67405.0,12515.0,82279.0,5.1,272.752,605533,0.7,70.3,16832.4,16390.6,43.601507670753854,0.0,9.319835197174807,0.7334468407113048,12.409013375667088,-0.772112816685,14.550988891292826,-0.6469868686719837,7.229318105902749,-0.8513263417643469,33.59933499584373,1.222387409710013,10.08492569002124,-0.06388245628043965,20.197848636189008,5.5643940365913025,10.628714335654932,-5.55555555555557,-39.28571428571429,0.28937547110843287,5.181323173271246,0.617463448191069,14.093285726398296,-133.33333333333331,74.99999999999997,-13.423645320197053,-5.128205128205121,-0.20986732116813345,1.8614446165763132,1.0299873640089885,13.391306754111065,-0.7281065661052022,-2.7481587870257007
2021-09-01,2021,9,September,3,2021Q3,232168.0,536651,589735.0,65925.0,21703.0,62592.0,12340.0,78307.0,4.7,273.942,609671,0.8,72.8,16641.8,16477.5,43.26238095149362,0.0,9.319835197174807,0.7838836231424118,11.176460839192703,-3.9788528295005343,13.051637972514186,-2.2087400243272937,9.201590193804865,-9.975941596150651,21.619501260857387,-7.1404198501594855,9.111827769545888,-1.3983220135836971,21.02785406041585,-4.8274772420666245,8.649563636868173,-7.843137254901955,-39.74358974358974,0.4362937760309826,5.363523425270289,0.6833649033165745,12.63047245345481,14.285714285714302,-57.89473684210527,3.5561877667140918,-9.452736318407972,-1.1323400109313098,0.15225829747540498,0.5301819335472802,12.27973343145672,-0.7777866807291756,-1.669980882646871
2021-10-01,2021,10,October,4,2021Q4,239825.0,545361,616909.0,68458.0,23350.0,68777.0,13059.0,84310.0,4.5,276.528,618573,1.6,71.7,16648.1,16694.0,43.97545845779218,3.2980427965955794,10.437004973291586,1.6230287468019355,13.436558137793476,4.607832331470907,13.560623074062761,3.8422449753507726,9.750545081441576,7.588812606552087,22.591484223237245,9.881454498977504,11.332880082880092,5.826580226904365,18.599582235945867,7.6659813298938895,9.51626311960927,-4.255319148936176,-34.78260869565217,0.9439954442911347,6.226591220771449,1.4601317759906474,14.73881219927511,100.0,-500.0,-1.5109890109890056,-12.347188264058673,0.037856481870957026,0.5751258087706601,1.3139129115460557,13.364117886730952,1.6482622791798462,-2.6442561496429318
2021-11-01,2021,11,November,4,2021Q4,239825.0,551082,632541.0,67787.0,27451.0,71468.0,12664.0,101649.0,4.2,278.824,624874,1.0,67.4,16598.3,16849.0,43.5189318468032,0.0,10.437004973291586,1.0490299086293398,15.270070427690818,2.5339231556031683,18.475335314974117,-0.9801630196616951,8.699207850934854,17.563169164882233,35.916225181957714,3.912645215697097,11.092457874774597,-3.024733899992338,23.262604633054316,20.565769185150053,13.540049370580931,-6.666666666666665,-37.31343283582089,0.830295666261649,6.865559520296194,1.0186348256390199,17.0305333360802,-37.5,-266.6666666666667,-5.997210599721059,-12.353706111833551,-0.29913323442314343,1.514929115751107,0.9284772972325328,14.580854001047271,-1.0381395146275896,-4.1928190348691
2021-12-01,2021,12,December,4,2021Q4,239825.0,547277,687531.0,72364.0,37490.0,84073.0,13631.0,108286.0,3.9,280.806,619938,-0.7,70.6,16525.4,16905.5,43.82150172581709,0.0,10.437004973291586,-0.6904598589683619,12.62025438883505,8.693507614526164,14.655764715299636,6.752032100550243,10.378279438682124,36.57061673527375,23.221035332785544,17.637264230144957,11.983856358889655,7.635818066961475,14.239021119678185,6.529331326427212,6.5838558225144395,-7.142857142857151,-41.7910447761194,0.7108426821220482,7.159457345112474,-0.7899192477203387,15.112859020922919,-170.0,-143.75,4.7477744807121525,-12.515489467162343,-0.43920160498363003,0.8187320025379474,0.3353314736779689,14.016037983989005,0.6952603526185097,-1.9385939300097133
2022-01-01,2022,1,January,1,2022Q1,243978.0,560257,571405.0,68645.0,17137.0,61516.0,10794.0,84246.0,4.0,282.542,631509,2.4,67.2,16143.2,17017.8,43.547514801243004,1.7316793495256944,7.031836068594299,2.3717422804174104,11.693088571861466,-16.890292946790765,12.562619057468694,-5.139295782433251,8.148346541048944,-54.28914377167244,15.29198062432724,-26.830254659641028,4.73304276763824,-20.812853055535175,13.64497789008212,-22.200469128049793,13.323737910439725,2.564102564102577,-37.5,0.6182204083958309,7.578082463000535,1.866476970277664,12.92473579743576,-442.8571428571429,-25.00000000000001,-4.815864022662875,-14.936708860759495,-2.3128033209483645,-11.039594412145593,0.6642808553429358,12.838908596624998,-0.6252339919530225,-4.1732685189990075
2022-02-01,2022,2,February,1,2022Q1,243978.0,563777,564376.0,62914.0,19345.0,59714.0,10722.0,78993.0,3.8,284.525,638101,0.6,62.8,16143.0,17136.1,43.275621389308185,0.0,7.031836068594299,0.6282830915097959,15.337813647569076,-1.2301257426868828,17.339498562301326,-8.348750819433315,8.534165990994879,12.884402170741671,25.04039816430741,-2.929319201508551,12.373209883513049,-0.6670372429127269,17.99273687685705,-6.235310875293787,14.578921412201563,-5.000000000000004,-38.70967741935485,0.7018425579205845,7.949220898953979,1.0438489396033868,17.10617352828363,-75.0,-123.07692307692308,-6.547619047619058,-18.229166666666664,-0.0012389117399314031,-2.951202063256375,0.6951544853036173,14.359600651344051,-0.6243603410568399,-7.201434912191806
2022-03-01,2022,3,March,1,2022Q1,243978.0,574485,663886.0,69207.0,24310.0,66968.0,12686.0,89664.0,3.7,287.467,651027,1.9,59.4,16065.5,17371.4,42.46899396851093,0.0,7.031836068594299,1.8993325375104009,6.46359294820118,17.631862446312386,7.705685857469868,10.002543154146926,8.800641418667166,25.665546652881876,6.166477421608874,12.147905013899596,3.558229081293396,18.317478082447302,8.920752125010733,13.508791918271235,7.401329580164107,-2.631578947368407,-39.344262295081954,1.0340040418240992,8.540780148538584,2.025698126158715,7.860751083947304,216.66666666666666,-81.73076923076923,-5.414012738853502,-30.03533568904594,-0.4800842470420563,-21.423959933091385,1.3731245732693242,10.558539752042995,-1.8639303027929377,0.5337440759392686
2022-04-01,2022,4,April,2,2022Q2,247967.0,580943,663353.0,69280.0,24428.0,70220.0,12914.0,87921.0,3.7,288.582,660194,1.1,65.2,16063.7,17493.8,42.68353349640154,1.634983482117236,5.066310749544511,1.1241372707729624,7.14571587184778,-0.08028486818519864,8.381981240125413,0.10548065947086904,10.68330324477178,0.4853969559851956,9.121772536406692,4.856050651057231,8.885098464878283,1.7972568185401272,9.28323601590928,-1.9439239828693777,6.356906104081483,0.0,-39.344262295081954,0.3878706077567129,8.235161744022502,1.408082921292042,8.413182453391933,-42.10526315789473,120.00000000000001,9.764309764309775,-26.160815402038494,-0.011204133080200407,-7.335856109463879,0.7046064220500137,9.920201068174684,0.5051674359173308,-1.9407263327171909
2022-05-01,2022,5,May,2,2022Q2,247967.0,579844,685755.0,72406.0,25313.0,73582.0,13921.0,91219.0,3.6,291.299,659847,-0.2,58.4,16049.1,17569.9,42.764433192375876,0.0,5.066310749544511,-0.18917518586161197,8.061104495246818,3.377085804993718,9.182921256720888,4.51212471131639,8.079948651351643,3.622891763550018,1.4061373287396872,4.787809740814586,6.868255558944414,7.797738888028505,14.18143044619422,3.751094732771465,13.449412349978228,-2.7027027027027084,-37.93103448275862,0.9415001628653163,8.530051713089225,-0.052560308030669134,9.014806321681457,-118.18181818181819,-80.0,-10.429447852760742,-29.553679131483722,-0.09088815154665308,-4.675611624881948,0.435011261132523,10.152659791229123,0.1895337366601968,-2.7713891688327608
2022-06-01,2022,6,June,2,2022Q2,247967.0,585556,676507.0,71739.0,23552.0,72052.0,13818.0,87461.0,3.6,295.072,666113,1.0,50.0,16015.9,17747.6,42.34727336070333,0.0,5.066310749544511,0.9850925421320156,8.405782076156342,-1.3485865943376307,9.03946333475172,-0.9211943761566754,9.373237181930438,-6.9568996167976955,-0.6454334528580463,-2.079312875431494,10.871405050240824,-0.7398893757632363,10.517475805806598,-4.119755752639254,6.448157929968468,0.0,-38.98305084745763,1.2952327333770608,8.999298141923106,0.9496140772027539,8.850886510335808,-600.0,42.85714285714286,-14.383561643835618,-41.52046783625731,-0.20686518247129415,-4.427192113523248,1.0113887956106682,9.664104401987196,-0.9754831305630707,-3.080528789752013
2022-07-01,2022,7,July,3,2022Q3,251988.0,579267,668681.0,73433.0,23733.0,72291.0,13128.0,88753.0,3.5,294.94,659550,-1.1,51.5,16219.1,17744.0,43.50118339211452,1.6215867433972964,8.536921539574793,-1.074021955201554,9.585130533484687,-1.1568246891754286,8.034561701976406,2.3613376266744757,8.223659970819263,0.7685122282608647,-2.3935842072794533,0.33170487980902497,8.559715276839208,-4.993486756404685,4.831110756208568,1.4772298510193016,13.870570424161555,-2.777777777777779,-35.18518518518518,-0.04473484437697017,8.447778206754553,-0.9852682652943257,9.593115515181516,-210.0,-47.61904761904761,3.0000000000000027,-36.57635467980296,1.268739190429513,-3.8457890181292087,-0.02028443282471315,9.372206983696497,2.7248744484266396,-0.9565248394622139
2022-08-01,2022,8,August,3,2022Q3,251988.0,581196,681118.0,72174.0,24772.0,73219.0,13731.0,92133.0,3.6,295.162,663566,0.3,58.2,16314.4,17897.5,43.35680218033159,0.0,8.536921539574793,0.3330070589210088,9.149503171028982,1.8599302208377466,10.90020385168975,-1.714488036713735,7.0608478950959785,4.377870475708923,2.7542724406835806,1.2837005989680517,8.625472887767959,4.593235831809861,9.716340391530153,3.808321972215034,11.97632445703034,2.857142857142869,-29.411764705882348,0.07526954634839989,8.216255059541266,0.608900007580937,9.583788166788597,-127.27272727272727,-57.14285714285714,13.00970873786409,-17.211948790896148,0.5875788422292194,-3.077398350799654,0.8650811541929704,9.193684184837657,-0.3319018024900422,-0.5612317176509007
2022-09-01,2022,9,September,3,2022Q3,251988.0,579446,643800.0,70554.0,22359.0,69325.0,12967.0,87472.0,3.5,296.421,661854,-0.3,58.6,16372.3,17987.2,43.48774519109632,0.0,8.536921539574793,-0.30110324227970997,7.974456397174334,-5.478933165765698,9.167677007469454,-2.244575608945054,7.021615472127407,-9.74083642822542,3.0226236004239126,-5.31829170024174,10.756965746421265,-5.564052144781884,5.081037277147482,-5.05899080676847,11.703934514155812,-2.777777777777779,-25.531914893617024,0.4265454225137466,8.205751582451759,-0.2579999578037451,8.559206522862329,-200.0,-137.5,0.6872852233676952,-19.505494505494504,0.35490119158534394,-1.6194161689240372,0.5011873166643532,9.162190866332875,0.30201261204667595,0.5209242640976885
2022-10-01,2022,10,October,4,2022Q4,252656.0,585006,665357.0,72959.0,23409.0,73788.0,13365.0,91560.0,3.6,297.979,668671,1.0,59.9,16424.3,18096.2,43.18861686888681,0.26509198850739324,5.350151151881577,0.9595372131311564,7.269496718687263,3.3484001242621853,7.853346279597151,3.408736570570059,6.57483420491396,4.696095532000544,0.2526766595289054,6.43779300396683,7.285865914477219,3.0693298372792555,2.3432115782219265,4.673495518565951,8.59921717471237,2.857142857142869,-19.999999999999996,0.5256037865063456,7.757261470809462,1.0299854650723583,8.098963258984782,-433.33333333333337,-37.5,2.2184300341296925,-16.457461645746175,0.31760962112836744,-1.3442975474678764,0.6059864792741454,8.399424943093337,-0.6878450949688641,-1.7892743282269197
2022-11-01,2022,11,November,4,2022Q4,252656.0,576356,666992.0,73557.0,27000.0,77022.0,12371.0,106204.0,3.6,298.708,659458,-1.5,56.7,16436.5,18094.0,43.83679531400732,0.0,5.350151151881577,-1.4786173133267022,4.586250322093632,0.24573274197159378,5.446445368758712,0.819638427061764,8.511956569843782,15.340253748558252,-1.6429273979089998,4.382826475849733,7.771310236749307,-7.4373363262252195,-2.3136449778900836,15.993883792048935,4.4811065529419825,0.0,-14.28571428571429,0.24464811278648302,7.131380368978291,-1.3778076213863066,5.534555766442506,-250.0,-250.0,-5.342237061769605,-15.875370919881304,0.07428018241264489,-0.974798623955464,-0.012157248483113392,7.389162561576357,1.500808528062536,0.7304027321329398
2022-12-01,2022,12,December,4,2022Q4,252656.0,569119,722313.0,77566.0,37932.0,90625.0,13362.0,115096.0,3.5,298.808,651763,-1.3,59.8,16497.5,18134.6,44.394230380640956,0.0,5.350151151881577,-1.2556475511662946,3.9910319637039393,8.294102477990739,5.058971886358576,5.450195086803422,7.188657343430438,40.48888888888889,1.1789810616164242,17.66118771260159,7.793227314357765,8.01067011559291,-1.973442887535759,8.372566005046899,6.288901612396791,-2.777777777777779,-10.256410256410254,0.03347750980888797,6.410831677385809,-1.1668673365096804,5.133577873916417,-13.33333333333333,85.71428571428574,5.467372134038784,-15.29745042492917,0.3711252395582898,-0.16883101165479086,0.224383773626613,7.270414953713278,1.2716145480997643,1.3069580737039121
2023-01-01,2023,1,January,1,2023Q1,262965.0,591964,616100.0,71401.0,18427.0,66096.0,11380.0,92578.0,3.5,300.456,680253,4.0,64.9,16808.5,18475.2,44.42246487962106,4.080251409030455,7.782259056144403,4.01409898457088,5.659367040483199,-14.704567133638747,7.8219476553407885,-7.948070030683551,4.014859057469589,-51.4209638300116,7.52757192040614,-27.06648275862069,7.445217504389112,-14.833108816045504,5.428942004817494,-19.56453742962396,9.890083802198335,0.0,-12.5,0.5515247249069821,6.340296309929161,4.3712208272025155,7.718654841023653,-407.6923076923077,66.66666666666667,8.528428093645491,-3.4226190476190466,1.88513411122897,4.1212399028693225,1.8781776272980943,8.563974191728674,0.06359947844127856,2.0091848693810643
2023-02-01,2023,2,February,1,2023Q1,262965.0,586165,595432.0,66738.0,19902.0,64073.0,10959.0,86249.0,3.6,301.476,672152,-1.0,66.9,16879.1,18532.1,44.861941603473426,0.0,7.782259056144403,-0.9796203823205452,3.971073669198999,-3.35465021912027,5.502714502388484,-6.530720858251282,6.0781384111644465,8.004558528246598,2.879296975962786,-3.060699588477367,7.299795692802369,-3.6994727592267185,2.2104085058757716,-6.836397416232797,9.185624042636697,2.857142857142869,-5.263157894736836,0.33948398434380245,5.957648712766894,-1.1908804518318883,5.336302560252992,-125.0,-266.6666666666667,3.081664098613257,6.52866242038217,0.4200255822946586,4.559871151582717,0.3079804278167453,8.146544429595991,0.9893118831728165,3.665620881314857
2023-03-01,2023,3,March,1,2023Q1,262965.0,578812,679701.0,72628.0,23641.0,69271.0,12540.0,97356.0,3.5,301.643,665071,-1.3,62.0,16968.0,18511.3,45.43185006530618,0.0,7.782259056144403,-1.254424948606625,0.7531963410706943,14.152581655000063,2.382186098215655,8.825556654379806,4.943141589723576,18.787056577228412,-2.751953928424522,8.112621541054743,3.4389559192450125,14.426498768135776,-1.1508749802932372,12.877830467599626,8.578693790149883,-2.777777777777779,-5.405405405405405,0.05539412755906081,4.931348641757127,-1.0534819505111925,2.1572069975592356,30.000000000000004,-168.42105263157893,-7.324364723467869,4.3771043771043905,0.526686849417346,5.6176278360461795,-0.11223768488189956,6.561935134761732,1.2703606697856973,6.976515852935172
2023-04-01,2023,4,April,2,2023Q2,269738.0,583874,661990.0,71428.0,23422.0,71791.0,12634.0,94489.0,3.4,302.858,670494,0.9,63.7,16983.3,18638.7,46.197981071258525,2.5756279352765477,8.779797311739056,0.87454994022238,0.5045245402733212,-2.6057045671552648,-0.2054712950721571,-1.6522553285234332,3.100461893764428,-0.926356753098434,-4.11822498771901,3.6378859840337174,2.23725434349189,0.7496012759170556,-2.168189561715972,-2.9448621553884724,7.470342694009391,-2.857142857142858,-8.108108108108114,0.4027940313549472,4.946947488062325,0.8154016638824979,1.5601474718037522,-169.23076923076923,-18.181818181818187,2.741935483870983,-2.300613496932513,0.09016973125883787,5.724708504267384,0.6882282713801979,6.544604374121121,1.686330195338881,8.233731575089198
2023-05-01,2023,5,May,2,2023Q2,269738.0,586286,708199.0,74526.0,25160.0,74494.0,14071.0,102711.0,3.6,303.316,673902,0.4,59.0,17041.9,18676.4,46.007921048771415,0.0,8.779797311739056,0.4131028269797943,1.1109884727616315,6.9803169232163675,3.2728890055486293,4.33723469787759,2.9279341491036615,7.420374007343522,-0.6044325050369337,3.7650959033862286,1.239433557119951,11.374069969922429,1.0775087996552024,8.70154197843136,12.598252557033085,5.882352941176472,0.0,0.15122598709624846,4.125314539356473,0.5082819533060778,2.1300392363684306,-55.55555555555556,-300.0,-7.378335949764525,1.0273972602739656,0.34504483816455433,6.186016661370419,0.20226732551089643,6.297702320445753,-0.4114033082829982,7.584545413719623
2023-06-01,2023,6,June,2,2023Q2,269738.0,588670,688753.0,72344.0,23528.0,73136.0,13919.0,97512.0,3.6,304.099,677117,0.4,64.2,17050.3,18742.1,45.82159783919683,0.0,8.779797311739056,0.4066274821503457,0.5318022529015254,-2.7458383872329684,1.8101808259190166,-2.927837264847166,0.843334866669454,-6.486486486486487,-0.10190217391304879,-1.8229656079684298,1.5044689946150047,-1.0802359462724787,0.7309306701404061,-5.0617752723661535,11.491979282194343,0.0,0.0,0.2581466193672721,3.0592533347792994,0.4770723339595273,1.6519719627150264,0.0,-60.0,8.813559322033893,28.400000000000002,0.049290278666092036,6.458581784351791,0.35178085712448404,5.603574567828895,-0.4049807192484711,8.20436406589884
2023-07-01,2023,7,July,3,2023Q3,275176.0,589257,683349.0,74151.0,24075.0,73495.0,12966.0,100760.0,3.5,304.615,678424,0.1,71.5,17061.6,18850.5,46.69880883892767,2.016030370211097,9.202025493277466,0.09971630964717981,1.7245933222503673,-0.7846063828397143,2.1935721218338866,2.497788344575924,0.9777620415889254,2.3248894933695974,1.4410314751611697,0.4908663312185535,1.6654908633163101,-6.846756232487971,-1.2340036563071255,3.330872097793103,13.528556781179235,-2.777777777777779,0.0,0.16968158395787025,3.28032820234625,0.19302424839429122,2.861648093397018,-75.0,-109.09090909090908,11.370716510903423,38.834951456310684,0.06627449370391059,5.194492912677018,0.5783770228523055,6.235910730387739,1.9144050864600137,7.350663125621515
2023-08-01,2023,8,August,3,2023Q3,275176.0,595191,705135.0,74166.0,25772.0,75253.0,12953.0,102108.0,3.7,306.138,684755,1.0,69.4,17085.8,18911.6,46.23322597283897,0.0,9.202025493277466,1.0070308880505419,2.4079656432597574,3.1881220284217804,3.526114417766091,0.020228992191606565,2.7599966747027915,7.048805815160963,4.036815759728718,2.391999455745286,2.7779674674606403,-0.10026222427887976,-5.666011215497779,1.3378324732036484,10.826739604701906,5.714285714285716,2.77777777777779,0.49997537875678955,3.7186358677607556,0.933192221973278,3.1932015805511416,900.0,233.33333333333334,-2.9370629370629286,19.243986254295532,0.141838983448217,4.728338155249356,0.32412933343941575,5.666154490850661,-0.9969908819185802,6.634307992881094
2023-09-01,2023,9,September,3,2023Q3,275176.0,598956,669120.0,72032.0,22573.0,70778.0,13009.0,95827.0,3.8,307.374,689403,0.6,67.8,17101.1,19024.9,45.94260680250302,0.0,9.202025493277466,0.6325700489422825,3.367009177731828,-5.107532600140397,3.932898415657027,-2.8773292344200896,2.09484933526094,-12.412695949092035,0.9571089941410538,-5.946606779796159,2.095924990984499,0.4323322782366912,0.32389912855710357,-6.15132996435147,9.551627949515273,2.7027027027026973,8.571428571428562,0.4037394900339164,3.6950823322234427,0.6787829223591002,4.16239835371548,-40.0,-300.0,-2.3054755043227737,15.699658703071663,0.08954804574559105,4.451420997660671,0.5991031959220905,5.769102472869592,-0.6285937531304464,5.644950320186548
2023-10-01,2023,10,October,4,2023Q4,276781.0,595517,685078.0,72725.0,23143.0,73659.0,13853.0,105092.0,3.9,307.653,686148,-0.6,63.8,17152.8,19069.5,46.47743053514845,0.5832630752681922,9.548556139573172,-0.5741657150107882,1.7967337087140933,2.384923481587764,2.9639727244171077,0.9620724122612279,-0.32072808015460863,2.525140654764546,-1.1363150924857957,4.070473876063185,-0.17482517482517723,6.487816127296497,3.6513280957725325,9.668465046385677,14.779379641764967,2.6315789473684292,8.333333333333325,0.09076890042749586,3.2465375076767167,-0.47214764078484794,2.613691935196827,-200.0,-160.0,-5.899705014749268,6.510851419031716,0.30231973381829036,4.435501056361613,0.23442961592439193,5.378477249367264,1.16411272643826,7.615001138484967
2023-11-01,2023,11,November,4,2023Q4,276781.0,593567,694957.0,74018.0,27490.0,77597.0,13113.0,120381.0,3.7,308.087,685328,-0.3,61.3,17229.4,19151.0,46.63011926202097,0.0,9.548556139573172,-0.3274465716343933,2.9861752111542073,1.4420255795690506,4.192703960467292,1.777930560330021,0.6267248528352143,18.78321738754698,1.8148148148148247,5.346257755331996,0.7465399496247915,-5.341803219519237,5.997898310565031,14.548205381951052,13.348838085194537,-5.128205128205121,2.77777777777779,0.14106802143973862,3.139855644977696,-0.1195077446848214,3.922918517934426,-50.0,-80.0,-3.9184952978056464,8.112874779541436,0.4465743202276107,4.824019712225858,0.42738404258109153,5.841715485796395,0.3285223066646248,6.3720988909084175
2023-12-01,2023,12,December,4,2023Q4,276781.0,594256,751657.0,77484.0,39318.0,92364.0,13724.0,129134.0,3.8,308.735,686277,0.1,69.7,17267.4,19289.9,46.57605476427668,0.0,9.548556139573172,0.11607788168817024,4.416826709352528,8.158778169009029,4.062504759017216,4.682644762084909,-0.10571642214372012,43.02655511094944,3.6539069914584,19.030374885627023,1.9188965517241474,4.659498207885315,2.7091752731627006,7.271080984540745,12.196774866198655,2.7027027027026973,8.571428571428562,0.21033019893732519,3.322200208829762,0.1384738402633534,5.295483174098559,-133.33333333333334,-107.6923076923077,13.7030995106036,16.555183946488295,0.2205532403914301,4.666767692074569,0.725288496684251,6.370694694120638,-0.11594329716485552,4.914657524026267
2024-01-01,2024,1,January,1,2024Q1,283038.0,588944,622927.0,72355.0,18472.0,66024.0,11658.0,100987.0,3.7,309.794,680456,-0.9,79.0,17426.2,19308.5,48.058559048058896,2.2606320520556,7.633335234727046,-0.8938908483885788,-0.5101661587529005,-17.12616259809994,1.1080993345236267,-6.619431108357854,1.3361157406758917,-53.01897349814335,0.2442068703532918,-28.517604261400542,-0.10893246187363426,-15.0539201399009,2.4428822495606406,-21.796738271872627,9.083151504677133,-2.631578947368407,5.714285714285716,0.34301261599751776,3.1079425939238847,-0.8481997793893692,0.029841838257227415,-1000.0,-122.50000000000001,13.34289813486369,21.725731895223397,0.9196520611093773,3.674926376535681,0.09642351697001228,4.510370659045626,3.1829752246840926,8.18525981908289
2024-02-01,2024,2,February,1,2024Q1,283038.0,593206,631639.0,68885.0,21169.0,67138.0,11959.0,96183.0,3.9,311.022,685280,0.7,76.9,17442.4,19412.7,47.71327329797743,0.0,7.633335234727046,0.7236681246434395,1.201197615006011,1.3985587396275978,6.080795120181648,-4.795798493538806,3.2170577482094176,14.60047639670854,6.366194352326393,1.6872652368835617,4.783606199179058,2.5819179962257577,9.124920156948635,-4.757047936863157,11.517814699300866,5.405405405405395,8.333333333333325,0.3963924414288167,3.16642120765831,0.7089363603230758,1.9531296492460104,-177.77777777777777,-170.0,-2.658227848101258,14.947683109118092,0.09296346879985595,3.337263242708466,0.5396586995364716,4.751755062836938,-0.7184687949885804,6.355791997828386
2024-03-01,2024,3,March,1,2024Q1,283038.0,595969,693859.0,74506.0,24109.0,75370.0,13325.0,103746.0,3.9,312.107,687641,0.5,79.4,17486.9,19553.2,47.49206754042576,0.0,7.633335234727046,0.465774115568629,2.964174896166627,9.850563375599041,2.082974719766484,8.159976772882338,2.58577958913917,13.888232793235389,1.9796116915528073,12.261312520480194,8.804550244691134,11.422359729074326,6.2599681020733655,7.863135897195961,6.5635399975348285,0.0,11.428571428571432,0.34884992058441533,3.4690014354717524,0.3445307027784228,3.393622635778737,-28.57142857142857,-138.46153846153845,3.2509752925877766,28.06451612903227,0.255125441453008,3.0581093823668137,0.7237530070520748,5.6284539713580495,-0.4636147182152106,4.53474263574587
2024-04-01,2024,4,April,2,2024Q2,288535.0,595676,686711.0,70496.0,23150.0,70405.0,13684.0,105800.0,3.9,313.016,687602,0.0,77.2,17464.9,19603.3,48.43824495195375,1.9421420445311144,6.968613988388728,-0.049163630994231156,2.0213265190777374,-1.0301804833546924,3.7343464402785465,-5.38211687649317,-1.3048104384835058,-3.977767638641172,-1.1613013406199246,-6.587501658484807,-1.930604114721901,2.694183864915578,8.310907076143748,1.9798353671466762,11.970705584777065,0.0,14.705882352941169,0.2912462713108077,3.3540471111874304,-0.005671564086495717,2.551551542593966,-100.0,-100.0,-2.7707808564231717,21.193092621664043,-0.12580846233466447,2.8357268610929687,0.2562240451690734,5.17525363893403,1.9922851552474308,4.849267930647683
2024-05-01,2024,5,May,2,2024Q2,288535.0,600372,730332.0,76465.0,26511.0,77335.0,14787.0,110378.0,4.0,313.14,692774,0.8,69.1,17511.1,19697.3,48.05936985735511,0.0,6.968613988388728,0.7883480281226651,2.4025816751551243,6.352162700175179,3.1252515182879304,8.467147072174308,2.6017765612001087,14.518358531317489,5.369634340222573,9.843050919679008,3.813729964829382,8.060508623209595,5.08847985217824,4.327032136105857,7.464633778271068,2.564102564102577,11.111111111111116,0.03961458839163434,3.238866396761142,0.7521793130328192,2.8004071808660713,inf,100.0,-10.492227979274627,17.118644067796595,0.2645305727487557,2.7532141369213337,0.4795111027225074,5.466256880340947,-0.7821817140039822,4.458903514481838
2024-06-01,2024,6,June,2,2024Q2,288535.0,600272,688151.0,73686.0,24285.0,74844.0,14019.0,104456.0,4.1,313.131,692922,0.0,68.2,17515.6,19747.5,48.06737612282432,0.0,6.968613988388728,-0.016656339736031978,1.9708835170808792,-5.775592470273794,-0.08740433798473113,-3.634342509644939,1.855025986951242,-8.39651465429444,3.217443046582802,-3.221051270446762,2.335375191424194,-5.193751268005675,0.7184424168402925,-5.365199586874192,7.121174829764532,2.499999999999991,13.888888888888884,-0.0028741138149102063,2.9700853998204435,0.021363388348860646,2.3341608614168674,-100.0,-100.0,-1.3024602026049048,6.230529595015577,0.025697985848971427,2.7289842407465015,0.25485726470124703,5.364393531141132,0.016659114534745,4.90113481312604
2024-07-01,2024,7,July,3,2024Q3,295269.0,606077,713406.0,75931.0,24575.0,74570.0,13785.0,112055.0,4.2,313.566,699098,1.0,66.4,17505.0,19866.3,48.71806717628288,2.3338589772471385,7.301872256301412,0.967061598741914,2.8544421194826697,3.669979408589108,4.398484522549961,3.0467117227153118,2.4005070734042677,1.1941527691990972,2.0768431983385183,-0.3660948105392525,1.4626845363630236,-1.6691632784078703,6.316520129569647,7.274833422685156,11.209805478364432,2.4390243902439046,19.999999999999996,0.1389194937581939,2.9384633061405374,0.8912980104542889,3.047356815207003,inf,900.0,-2.639296187683282,-7.132867132867126,-0.06051748155928571,2.598818399212277,0.6015951386251439,5.388716479668965,1.353706205630778,4.324003946910038
2024-08-01,2024,8,August,3,2024Q3,295269.0,604173,720251.0,75923.0,26262.0,78018.0,14077.0,107648.0,4.2,314.131,697522,-0.3,67.9,17494.6,19905.0,48.871598035661975,0.0,7.301872256301412,-0.31415150220186483,1.5090953996280243,0.9594816976588261,2.143702978862194,-0.010535881260620439,2.3690100585173735,6.86469989827061,1.9012882197734005,4.623843368646918,3.674272122041655,2.118244468625319,8.677526441750949,-3.932890098612285,5.425627766678409,0.0,13.513513513513509,0.1801853517281904,2.6109140322338353,-0.2254333441091272,1.8644624719790226,-130.0,-130.0,2.259036144578319,-2.1613832853025983,-0.05941159668666485,2.3926301373069947,0.19480225306172105,5.2528606781023335,0.3151415240336908,5.706657944165494
2024-09-01,2024,9,September,3,2024Q3,295269.0,608701,670818.0,72532.0,22259.0,71270.0,13672.0,104934.0,4.1,314.851,703079,0.7,70.1,17519.6,20044.1,48.508052393539685,0.0,7.301872256301412,0.7494542126179171,1.6269976425647314,-6.863301821170675,0.25376614060257374,-4.466367240493662,0.6941359395824076,-15.242555784022539,-1.3910423957825713,-8.649286062190775,0.6951312554748679,-2.8770334588335555,5.096471673456837,-2.5211801426872738,9.503584584720382,-2.3809523809523947,7.8947368421052655,0.22920373984103293,2.432541464144644,0.7966773807851268,1.9837453564895968,-333.33333333333337,16.666666666666675,3.2400589101619914,3.3923303834808127,0.14290123809632682,2.4472109981229284,0.6988193921125374,5.357189788119765,-0.743879178775797,5.584022696110691
2024-10-01,2024,10,October,4,2024Q4,300357.0,612570,718256.0,75667.0,24359.0,75941.0,14910.0,116723.0,4.1,315.564,707613,0.6,70.5,17586.3,20123.2,49.03227386257897,1.7231744612539845,8.517925724670405,0.635615844232218,2.863562249272489,7.071664743641337,4.84295218938573,4.322230188054932,4.045376418013058,9.434386091019364,5.254288553774367,6.553949768486045,3.0980599790928487,9.055002925687528,7.630116220313288,11.234680847008605,11.067445666653985,0.0,5.128205128205132,0.2264563237849071,2.5714034967967203,0.6448777448906817,3.128333828853247,-14.28571428571428,-200.0,0.5706134094151327,10.501567398119139,0.38071645471358107,2.5272841751784014,0.3946298412001559,5.525577492855094,1.080689582806449,5.496954754197136
2024-11-01,2024,11,November,4,2024Q4,300357.0,616833,722947.0,76232.0,28716.0,80808.0,12975.0,127836.0,4.2,316.449,712145,0.7,71.8,17618.0,20235.1,48.693406481170754,0.0,8.517925724670405,0.6959204662324359,3.9196923009533924,0.6531097547392672,4.027587318352066,0.746692745846933,2.9911643113837094,17.88661275093395,4.459803564932696,6.408922716319254,4.1380465739654815,-12.977867203219319,-1.052390757263788,9.52083136999564,6.192837740174939,2.4390243902439046,13.513513513513509,0.2804502414724075,2.7141684004842848,0.6404630779818898,3.913016832815819,16.666666666666675,-333.33333333333337,1.8439716312056653,17.128874388254477,0.18025394767517966,2.2554470846343877,0.5560745805835987,5.660801002558613,-0.6911108841452962,4.424795071948862
2024-12-01,2024,12,December,4,2024Q4,300357.0,622396,786673.0,78601.0,39876.0,92765.0,14668.0,146567.0,4.1,317.603,717662,0.9,74.0,17638.6,20408.1,48.25818289320625,0.0,8.517925724670405,0.9018648483463121,4.735332920492175,8.81475405527652,4.658507803426293,3.1076188477279887,1.4415879407361443,38.863351441704964,1.4191973142072323,14.79680229680229,0.43415183404789115,13.048169556840072,6.878461090061205,14.652367095340901,13.499930304954532,-2.3809523809523947,7.8947368421052655,0.36467171645351293,2.872366268806581,0.7747017812383739,4.573226262864694,28.57142857142858,800.0,3.064066852367686,6.1692969870875025,0.11692587126801435,2.149715649142303,0.8549500620209427,5.796815950315959,-0.8938039447554336,3.6115728080510445
2025-01-01,2025,1,January,1,2025Q1,300226.0,615973,654511.0,76065.0,19461.0,69627.0,12581.0,107763.0,4.0,319.086,711461,-1.0,71.7,17647.9,20370.0,48.740123349562396,-0.043614765096200436,6.072682819974706,-1.0319796399719805,4.589400690048628,-16.800118982092936,5.0702570285121595,-3.226422055699041,5.127496372054452,-51.19620824556124,5.354049372022529,-24.942596884600874,5.457106506724818,-14.228251977092988,7.917310001715561,-26.47526387249517,6.709774525433976,-2.4390243902438935,8.108108108108091,0.46693513600313263,2.999412512831112,-0.8640557811337324,4.556503286031721,-211.11111111111111,11.111111111111116,-3.1081081081081097,-9.240506329113918,0.05272527298085805,1.2722222859831822,-0.1866905787407891,5.497578786544777,0.9986709558100548,1.418195457799576
2025-02-01,2025,2,February,1,2025Q1,300226.0,616714,630744.0,69309.0,20653.0,66830.0,12389.0,101494.0,4.1,319.775,711757,0.1,64.7,17702.9,20436.3,48.68156065858729,0.0,6.072682819974706,0.12029748057138523,3.9628729311571353,-3.631260589967167,-0.14169486051367475,-8.881877341747192,0.6155186179864991,6.1250706541287725,-2.4375265718739714,-4.017119795481639,-0.45875659090232057,-1.5261108020030223,3.595618362739361,-5.8173955810435825,5.521765800609257,2.499999999999991,5.128205128205132,0.2159292479143371,2.8142703731568686,0.041604529271466184,3.8636761615689963,-110.00000000000001,-85.71428571428571,-9.762900976290101,-15.864759427828357,0.31165181126366903,1.493487134797955,0.32547864506626834,5.272836854224283,-0.12015293961219475,2.029387827916862
2025-03-01,2025,3,March,1,2025Q1,300226.0,625121,726888.0,75242.0,24941.0,75038.0,14440.0,111839.0,4.2,319.615,722572,1.4,57.0,17814.8,20578.5,48.026861999516896,0.0,6.072682819974706,1.3631926630496505,4.89152959298218,15.242951181461883,4.760189029759654,8.560215844984054,0.9878399055109677,20.762116883745698,3.450993404952518,12.281909322160711,-0.44049356507894766,16.5550084752603,8.367729831144466,10.192720751965624,7.800782680778062,2.4390243902439046,7.692307692307709,-0.05003518098661841,2.4055852640280317,1.5194792604779517,5.079830900135396,1299.9999999999998,179.99999999999997,-11.90108191653787,-28.21158690176323,0.6320998254523147,1.8751179454334244,0.69582067203946,5.2436429842685595,-1.3448596351746223,1.1260711246902755
2025-04-01,2025,4,April,2,2025Q2,300226.0,623521,722319.0,74601.0,24739.0,73888.0,14112.0,113538.0,4.2,320.321,721789,-0.3,52.2,17934.2,20622.3,48.15010240232486,0.0,4.05184812934305,-0.2559504479932695,4.674521048355151,-0.6285700135371663,5.185296289123076,-0.8519178118603921,5.8230254198819775,-0.8099113908824784,6.863930885529168,-1.5325568378688148,4.947091825864636,-2.2714681440443196,3.1277404267757936,1.5191480610520447,7.313799621928174,0.0,7.692307692307709,0.2208907591946696,2.3337465177498906,-0.10836290362760126,4.971916893784489,-121.42857142857144,-inf,-8.42105263157894,-32.38341968911917,0.6702292475919025,2.6871038482899845,0.21284350171295596,5.1981044007896715,0.256607235361761,-0.5948657923397049
2025-05-01,2025,5,May,2,2025Q2,300226.0,617367,753390.0,78549.0,27941.0,80043.0,16151.0,117340.0,4.2,320.58,715541,-1.0,52.2,17810.8,20615.2,48.630069310474966,0.0,4.05184812934305,-0.9869755790101742,2.830744938138352,4.301562052223473,3.1571942623354943,5.292154260666737,2.7254299352645006,12.94312623792393,5.393987401456002,8.330175400606322,3.501648671364843,14.448696145124718,9.224318658280929,3.348658598883203,6.307416332964899,0.0,5.000000000000004,0.08085639093282637,2.3759340869898393,-0.8656269352954937,3.2863531252616207,233.33333333333334,-225.0,0.0,-24.45730824891461,-0.6880708367253741,1.7114858575417946,-0.03442874946052443,4.660029547196842,0.9968138886594202,1.1874884227857097
2025-06-01,2025,6,June,2,2025Q2,300226.0,621370,753390.0,78549.0,27941.0,80043.0,16151.0,117340.0,4.1,321.5,720106,-1.0,52.2,17809.1,20685.2,48.31678388077957,0.0,4.05184812934305,0.6483987644302358,3.5147399845403493,0.0,9.480332078279341,0.0,6.599625437667944,0.0,15.054560428247887,0.0,6.946448613115286,0.0,15.207932092160647,0.0,12.334380026039682,-2.3809523809523947,0.0,0.2869798490236386,2.6726833178446263,0.637978816028717,3.9230966833207814,0.0,-inf,0.0,-23.46041055718475,-0.009544770588632012,1.675649135627677,0.3395552795995238,4.748449170781122,-0.6442216392809397,0.5188711722436068
