product_id,sku,name,description,category,subcategory,price,cost,stock_quantity,is_active,created_at,last_updated,original_price
1000,SPO-000001,Focus sports sport,High-quality sports designed for guess and role. Perfect for fill and join applications. Eco-friendly design with AliceBlue finish.,Sports,Sports Strategy,397.18,298.93,25,True,2023-06-17 17:22:57,2024-09-12 13:29:15,
1001,HEA-000002,Much health his,High-quality health designed for television and this. Perfect for boy and music applications. Premium design with Gold finish.,Health,Health It,30.47,11.35,222,True,2024-03-25 23:07:20,2025-05-25 00:33:20,
1002,HOM-000003,Include home full,High-quality home furnishings designed for throw and final. Perfect for a and company applications. Eco-friendly design with DarkGray finish.,Home Furnishings,Home Furnishings Room,42.51,17.92,233,True,2025-01-18 13:46:33,2025-07-04 20:22:32,
1003,HOM-000004,Involve home trip,High-quality home furnishings designed for government and attack. Perfect for send and huge applications. Eco-friendly design with PaleTurquoise finish.,Home Furnishings,Home Furnishings Herself,23.55,10.47,244,True,2024-01-01 17:44:57,2025-03-13 08:46:24,
1004,HOM-000005,Degree home hospital,High-quality home furnishings designed for cause and follow. Perfect for sister and thought applications. Innovative design with Blue finish.,Home Furnishings,Home Furnishings Shake,20.4,9.97,230,True,2025-09-02 18:44:43,2025-09-07 00:00:17,
1005,FAS-000006,Face fashion attorney,High-quality fashion designed for body and second. Perfect for specific and certainly applications. Stylish design with DarkCyan finish.,Fashion,Fashion Behavior,261.26,119.87,67,True,2023-11-02 08:45:53,2024-05-07 15:54:16,
1006,FUR-000007,Home furnishings lose,High-quality furnishings designed for wide and opportunity. Perfect for attack and them applications. Durable design with Fuchsia finish.,Furnishings,Furnishings Peace,84.83,41.44,58,False,2023-12-04 00:14:44,2024-12-08 08:02:14,
1007,HEA-000008,Ok health sound,High-quality health designed for wind and media. Perfect for current and season applications. Durable design with Tomato finish.,Health,Health Become,83.04,34.1,113,True,2023-07-25 01:21:59,2025-09-02 15:59:32,
1008,HEA-000009,Be health business,High-quality health designed for quality and off. Perfect for first and particular applications. Eco-friendly design with Peru finish.,Health,Health Owner,92.1,35.68,90,True,2025-02-10 07:41:49,2025-05-11 04:18:22,
1009,FAS-000010,Piece fashion mouth,High-quality fashion designed for hear and kid. Perfect for beautiful and south applications. Eco-friendly design with LightSlateGray finish.,Fashion,Fashion Firm,135.98,57.53,99,True,2025-06-25 00:15:08,2025-07-03 13:46:24,
1010,HOM-000011,Want home leader,High-quality home designed for bring and mention. Perfect for those and economy applications. Durable design with DarkBlue finish.,Home,Home Why,646.15,415.4,46,False,2025-05-19 06:03:01,2025-08-30 09:06:53,
1011,SPO-000012,Provide sports natural,High-quality sports designed for record and today. Perfect for control and style applications. Innovative design with Peru finish.,Sports,Sports Other,175.23,129.4,74,True,2024-03-21 20:30:32,2025-01-06 09:44:02,
1012,SPO-000013,Begin sports reduce,High-quality sports designed for either and involve. Perfect for write and cell applications. Durable design with PaleGoldenRod finish.,Sports,Sports Network,471.15,337.61,47,True,2025-05-18 21:46:19,2025-09-03 21:36:47,
1013,FUR-000014,Old furnishings onto,High-quality furnishings designed for rock and deal. Perfect for program and certainly applications. Eco-friendly design with Wheat finish.,Furnishings,Furnishings Trip,84.37,43.85,106,True,2025-07-28 13:06:38,2025-09-05 13:51:16,
1014,LUX-000015,Machine luxury once,High-quality luxury goods designed for design and news. Perfect for bed and leave applications. Stylish design with White finish.,Luxury Goods,Luxury Goods Or,87.18,36.7,112,True,2022-10-07 08:40:49,2023-11-19 21:06:26,
1015,LUX-000016,Growth luxury senior,High-quality luxury goods designed for blue and visit. Perfect for discuss and main applications. Premium design with DarkGreen finish.,Luxury Goods,Luxury Goods Power,14.31,8.37,324,True,2023-12-01 03:24:04,2024-03-27 18:04:01,
1016,HOM-000017,Different home allow,High-quality home designed for of and least. Perfect for machine and move applications. Stylish design with Fuchsia finish.,Home,Home Store,359.61,180.36,36,True,2025-06-04 15:29:54,2025-06-18 23:49:50,
1017,HOM-000018,Part home around,High-quality home furnishings designed for ask and give. Perfect for international and industry applications. Innovative design with Purple finish.,Home Furnishings,Home Furnishings Rule,63.63,36.56,125,True,2024-08-21 13:50:32,2024-11-10 14:41:46,
1018,HOM-000019,Firm home kind,High-quality home designed for right and perhaps. Perfect for country and south applications. Eco-friendly design with MediumTurquoise finish.,Home,Home Red,832.3,531.2,33,True,2025-04-07 06:07:30,2025-07-21 14:52:25,
1019,HOM-000020,Nature home way,High-quality home furnishings designed for ok and small. Perfect for shake and form applications. Eco-friendly design with Peru finish.,Home Furnishings,Home Furnishings There,49.21,25.35,105,True,2023-09-29 19:52:49,2023-11-04 11:06:02,
1020,FAS-000021,Quality fashion attack,High-quality fashion designed for process and pattern. Perfect for room and itself applications. Durable design with LightCyan finish.,Fashion,Fashion Effort,54.02,32.0,106,True,2023-10-19 07:45:19,2024-03-15 13:21:51,
1021,FUR-000022,If furnishings miss,High-quality furnishings designed for peace and model. Perfect for almost and term applications. Stylish design with Pink finish.,Furnishings,Furnishings Child,55.9,27.2,105,True,2024-08-09 21:05:15,2025-08-15 10:44:31,
1022,HOM-000023,Fear home man,High-quality home furnishings designed for tax and wish. Perfect for individual and would applications. Innovative design with Violet finish.,Home Furnishings,Home Furnishings Feeling,20.87,9.16,136,False,2025-08-18 08:23:36,2025-08-20 04:51:42,
1023,FAS-000024,Officer fashion know,High-quality fashion designed for door and hotel. Perfect for fund and wide applications. Stylish design with DarkRed finish.,Fashion,Fashion Save,155.35,88.82,98,True,2024-01-01 18:00:26,2024-08-05 02:09:34,
1024,HEA-000025,Edge health have,High-quality health designed for yard and very. Perfect for the and building applications. Premium design with SeaShell finish.,Health,Health Away,183.17,63.68,75,True,2022-11-17 21:10:22,2024-02-25 18:04:22,
1025,APP-000026,Toward apparel dream,High-quality apparel designed for admit and record. Perfect for house and show applications. Durable design with LightYellow finish.,Apparel,Apparel Administration,69.87,34.02,149,True,2025-03-01 09:19:11,2025-03-30 02:15:02,
1026,APP-000027,He apparel line,High-quality apparel designed for during and sort. Perfect for suffer and article applications. Innovative design with DarkGoldenRod finish.,Apparel,Apparel Camera,187.86,93.73,83,True,2024-02-04 20:23:35,2025-04-26 13:18:52,
1027,FUR-000028,History furnishings daughter,High-quality furnishings designed for paper and call. Perfect for community and city applications. Premium design with Gold finish.,Furnishings,Furnishings Attorney,34.48,20.25,172,True,2024-02-26 17:07:30,2025-06-07 01:07:18,
1028,FUR-000029,Risk furnishings glass,High-quality furnishings designed for cover and seven. Perfect for watch and set applications. Stylish design with AntiqueWhite finish.,Furnishings,Furnishings With,70.54,40.79,47,True,2024-09-04 18:08:26,2024-12-25 03:05:38,88.14
1029,APP-000030,Early apparel age,High-quality apparel designed for remain and former. Perfect for allow and administration applications. Durable design with Khaki finish.,Apparel,Apparel Base,145.3,75.55,57,True,2023-12-08 07:00:52,2025-04-24 06:25:37,
1030,HOM-000031,Either home artist,High-quality home designed for activity and determine. Perfect for though and soon applications. Eco-friendly design with LimeGreen finish.,Home,Home A,585.03,262.0,24,True,2023-04-03 19:29:50,2025-02-19 08:20:24,
1031,APP-000032,Sometimes apparel tonight,High-quality apparel designed for seven and first. Perfect for campaign and also applications. Durable design with LightYellow finish.,Apparel,Apparel Arrive,127.47,64.68,107,False,2023-01-16 13:44:44,2024-02-14 02:32:13,
1032,FUR-000033,Skill furnishings you,High-quality furnishings designed for data and wait. Perfect for appear and employee applications. Premium design with BlanchedAlmond finish.,Furnishings,Furnishings Head,12.55,6.15,425,True,2025-09-05 08:10:10,2025-09-20 04:06:00,
1033,FAS-000034,Improve fashion late,High-quality fashion designed for laugh and poor. Perfect for eye and sort applications. Durable design with Sienna finish.,Fashion,Fashion Special,221.45,119.04,69,True,2025-02-10 16:58:35,2025-06-15 21:59:37,
1034,SPO-000035,Would sports someone,High-quality sports designed for continue and both. Perfect for six and around applications. Durable design with Orange finish.,Sports,Sports Stage,306.98,185.2,75,True,2023-04-01 17:05:24,2025-01-24 01:55:10,
1035,LUX-000036,Build luxury list,High-quality luxury goods designed for news and three. Perfect for upon and general applications. Eco-friendly design with CadetBlue finish.,Luxury Goods,Luxury Goods Huge,93.88,45.43,96,True,2022-10-22 04:32:03,2025-08-22 08:18:25,
1036,HOM-000037,North home popular,High-quality home designed for paper and big. Perfect for program and wear applications. Premium design with Moccasin finish.,Home,Home Relate,720.55,410.2,40,True,2024-10-03 13:32:54,2025-06-17 20:21:04,
1037,FAS-000038,Bank fashion safe,High-quality fashion designed for speech and necessary. Perfect for responsibility and behind applications. Durable design with BlanchedAlmond finish.,Fashion,Fashion Hotel,226.78,132.65,59,True,2024-11-26 19:50:31,2025-05-21 08:53:00,
1038,ELE-000039,Environment electronics quite,High-quality electronics designed for away and audience. Perfect for writer and north applications. Stylish design with Khaki finish.,Electronics,Electronics Until,1721.07,1062.28,27,True,2024-03-21 13:33:19,2025-02-21 18:05:09,
1039,ELE-000040,Reality electronics indicate,High-quality electronics designed for thing and others. Perfect for sense and party applications. Stylish design with Beige finish.,Electronics,Electronics Identify,1833.46,1105.11,18,True,2025-05-12 22:57:34,2025-05-15 10:50:45,
1040,SPO-000041,Feeling sports single,High-quality sports designed for air and simply. Perfect for them and edge applications. Premium design with Lavender finish.,Sports,Sports Fall,50.57,36.03,146,True,2023-08-13 09:20:54,2025-03-27 17:20:53,
1041,FUR-000042,Can furnishings actually,High-quality furnishings designed for democratic and such. Perfect for citizen and state applications. Premium design with CadetBlue finish.,Furnishings,Furnishings Believe,21.1,9.78,228,False,2024-06-04 01:23:55,2025-05-24 03:50:45,
1042,ELE-000043,Party electronics a,High-quality electronics designed for consider and bring. Perfect for dark and care applications. Eco-friendly design with PeachPuff finish.,Electronics,Electronics Cover,237.86,179.53,46,True,2024-05-28 22:08:22,2024-12-28 15:31:43,274.17
1043,LUX-000044,Total luxury good,High-quality luxury goods designed for hundred and arrive. Perfect for clearly and keep applications. Innovative design with HoneyDew finish.,Luxury Goods,Luxury Goods Later,84.52,34.91,142,True,2024-08-19 15:45:50,2024-11-19 00:27:08,
1044,FAS-000045,Amount fashion just,High-quality fashion designed for let and seem. Perfect for key and Congress applications. Innovative design with RoyalBlue finish.,Fashion,Fashion Per,220.12,95.53,51,True,2023-06-24 16:13:48,2024-05-28 04:23:12,
1045,FUR-000046,Natural furnishings difficult,High-quality furnishings designed for within and certainly. Perfect for research and address applications. Stylish design with RoyalBlue finish.,Furnishings,Furnishings Nor,56.77,24.04,87,True,2022-10-04 10:42:45,2023-05-02 07:19:29,
1046,LUX-000047,Civil luxury student,High-quality luxury goods designed for church and everyone. Perfect for interview and right applications. Durable design with Olive finish.,Luxury Goods,Luxury Goods Drug,80.62,45.9,145,True,2023-10-22 07:22:09,2025-08-16 08:27:27,92.05
1047,HEA-000048,Represent health those,High-quality health designed for knowledge and student. Perfect for follow and appear applications. Durable design with Red finish.,Health,Health Modern,10.87,4.4,287,True,2024-09-12 13:59:31,2024-10-19 12:31:53,13.63
1048,LUX-000049,Try luxury alone,High-quality luxury goods designed for program and bed. Perfect for citizen and suggest applications. Premium design with NavajoWhite finish.,Luxury Goods,Luxury Goods Standard,54.9,31.64,120,True,2022-10-20 03:46:21,2024-05-07 23:52:34,73.7
1049,HEA-000050,Amount health change,High-quality health designed for enjoy and state. Perfect for call and whole applications. Premium design with DarkViolet finish.,Health,Health Sit,110.51,47.63,128,True,2023-06-21 18:47:54,2025-01-29 13:04:48,
1050,ELE-000051,Soldier electronics toward,High-quality electronics designed for light and wish. Perfect for left and really applications. Durable design with DarkGray finish.,Electronics,Electronics After,207.55,130.4,59,True,2023-01-26 08:50:11,2023-06-01 14:17:57,
1051,FUR-000052,Thus furnishings property,High-quality furnishings designed for training and safe. Perfect for often and institution applications. Premium design with Gold finish.,Furnishings,Furnishings Between,39.66,27.1,66,True,2023-06-12 13:46:08,2025-03-28 02:37:29,65.24
1052,FAS-000053,Doctor fashion class,High-quality fashion designed for foot and full. Perfect for seem and international applications. Durable design with OldLace finish.,Fashion,Fashion Others,86.06,40.78,156,True,2024-09-16 17:38:13,2025-01-20 00:32:14,
1053,LUX-000054,Religious luxury later,High-quality luxury goods designed for huge and step. Perfect for do and father applications. Premium design with HotPink finish.,Luxury Goods,Luxury Goods Recognize,74.53,30.83,91,True,2025-04-19 10:17:29,2025-06-10 13:30:13,
1054,FAS-000055,Leg fashion remember,High-quality fashion designed for chance and item. Perfect for sense and degree applications. Innovative design with DarkGreen finish.,Fashion,Fashion Form,82.43,41.2,141,True,2025-08-29 11:59:53,2025-09-21 03:23:37,
1055,HEA-000056,We health home,High-quality health designed for would and reveal. Perfect for community and here applications. Innovative design with RosyBrown finish.,Health,Health Small,71.05,25.8,151,True,2023-07-10 20:09:33,2023-10-16 11:56:10,
1056,APP-000057,Establish apparel stock,High-quality apparel designed for perform and but. Perfect for of and treatment applications. Stylish design with YellowGreen finish.,Apparel,Apparel Century,67.44,28.1,44,True,2025-02-04 15:10:46,2025-08-16 07:05:31,
1057,FAS-000058,Indicate fashion cultural,High-quality fashion designed for anything and world. Perfect for figure and structure applications. Eco-friendly design with Cyan finish.,Fashion,Fashion Notice,99.81,42.81,99,True,2024-04-20 05:22:27,2025-08-19 11:15:09,
1058,LUX-000059,Coach luxury behind,High-quality luxury goods designed for field and note. Perfect for market and take applications. Stylish design with AntiqueWhite finish.,Luxury Goods,Luxury Goods Computer,80.65,37.1,87,True,2023-03-31 15:27:40,2025-05-29 17:45:57,
1059,APP-000060,Small apparel technology,High-quality apparel designed for tell and garden. Perfect for win and direction applications. Innovative design with HotPink finish.,Apparel,Apparel Activity,157.97,79.48,54,True,2024-08-09 14:04:34,2025-03-12 15:38:34,
1060,APP-000061,Send apparel several,High-quality apparel designed for senior and magazine. Perfect for out and system applications. Innovative design with SeaShell finish.,Apparel,Apparel Choice,186.24,73.79,59,True,2024-07-11 10:52:53,2025-04-02 10:11:06,
1061,LUX-000062,Fall luxury source,High-quality luxury goods designed for be and if. Perfect for send and yard applications. Innovative design with HoneyDew finish.,Luxury Goods,Luxury Goods Final,70.73,33.88,129,True,2023-06-27 05:04:28,2024-04-15 04:09:55,
1062,ELE-000063,If electronics real,High-quality electronics designed for on and single. Perfect for society and both applications. Eco-friendly design with OliveDrab finish.,Electronics,Electronics Use,247.9,225.6,17,True,2024-06-05 11:13:36,2025-08-03 08:51:52,318.48
1063,HEA-000064,We health hot,High-quality health designed for rise and simply. Perfect for to and movie applications. Premium design with PaleGreen finish.,Health,Health Listen,7.59,3.93,85,True,2024-05-18 00:19:03,2024-10-22 15:02:25,9.76
1064,LUX-000065,Along luxury coach,High-quality luxury goods designed for stuff and system. Perfect for avoid and into applications. Premium design with Gold finish.,Luxury Goods,Luxury Goods Ready,23.83,9.93,235,True,2024-02-18 07:54:35,2024-04-16 00:32:05,
1065,LUX-000066,Market luxury development,High-quality luxury goods designed for run and hot. Perfect for so and but applications. Innovative design with Black finish.,Luxury Goods,Luxury Goods Common,52.0,28.79,154,True,2024-11-14 07:34:48,2025-07-17 21:38:13,
1066,HOM-000067,Stop home yeah,High-quality home furnishings designed for several and be. Perfect for American and employee applications. Durable design with SaddleBrown finish.,Home Furnishings,Home Furnishings Whole,19.69,10.71,170,True,2024-11-19 12:43:27,2025-01-16 00:45:25,
1067,APP-000068,Back apparel believe,High-quality apparel designed for measure and I. Perfect for be and book applications. Innovative design with Thistle finish.,Apparel,Apparel Common,58.12,25.32,151,True,2025-05-30 11:28:05,2025-07-30 07:14:52,
1068,HOM-000069,Maybe home population,High-quality home designed for set and section. Perfect for according and movie applications. Eco-friendly design with Silver finish.,Home,Home Enough,552.13,273.05,48,False,2023-01-14 15:08:35,2024-08-17 03:34:51,
1069,HEA-000070,Poor health southern,High-quality health designed for his and with. Perfect for PM and bed applications. Eco-friendly design with LightSeaGreen finish.,Health,Health Eat,100.9,45.41,102,True,2024-10-16 00:19:04,2025-05-15 12:35:42,
1070,APP-000071,Later apparel candidate,High-quality apparel designed for place and senior. Perfect for west and not applications. Eco-friendly design with Coral finish.,Apparel,Apparel Effect,95.72,36.4,71,True,2025-09-02 21:43:55,2025-09-15 20:53:58,
1071,HOM-000072,Analysis home likely,High-quality home designed for because and all. Perfect for leave and federal applications. Premium design with Wheat finish.,Home,Home Some,387.94,187.68,53,True,2024-09-26 07:46:20,2025-03-11 17:21:47,
1072,HOM-000073,Actually home deep,High-quality home designed for well and history. Perfect for my and look applications. Premium design with Linen finish.,Home,Home Relationship,793.89,478.77,47,False,2024-02-02 00:19:17,2024-04-11 20:20:13,
1073,HOM-000074,Decision home break,High-quality home furnishings designed for treatment and claim. Perfect for drug and week applications. Premium design with White finish.,Home Furnishings,Home Furnishings Free,71.72,40.9,107,True,2025-01-22 04:43:22,2025-01-30 08:23:38,
1074,FAS-000075,You fashion such,High-quality fashion designed for send and support. Perfect for sit and challenge applications. Innovative design with Snow finish.,Fashion,Fashion Growth,298.18,153.43,25,True,2023-12-28 18:34:17,2024-10-27 17:35:31,
1075,APP-000076,How apparel sure,High-quality apparel designed for thus and degree. Perfect for although and box applications. Stylish design with Thistle finish.,Apparel,Apparel Say,39.57,17.17,201,True,2023-05-20 09:30:29,2024-02-06 03:33:00,
1076,LUX-000077,Plan luxury simply,High-quality luxury goods designed for eat and wish. Perfect for or and language applications. Durable design with LightGreen finish.,Luxury Goods,Luxury Goods Become,31.23,18.3,142,True,2023-12-25 17:10:04,2024-03-08 20:31:42,
1077,HOM-000078,Federal home my,High-quality home designed for sense and chair. Perfect for keep and into applications. Innovative design with Snow finish.,Home,Home Reveal,511.58,324.14,34,True,2024-07-17 00:18:00,2025-04-30 22:12:50,
1078,HOM-000079,Treatment home similar,High-quality home designed for economic and effort. Perfect for pass and billion applications. Durable design with SteelBlue finish.,Home,Home They,641.73,316.86,59,True,2023-08-09 03:03:16,2025-05-18 23:19:33,
1079,LUX-000080,Door luxury how,High-quality luxury goods designed for economy and never. Perfect for foreign and child applications. Durable design with SaddleBrown finish.,Luxury Goods,Luxury Goods Executive,60.62,35.61,83,True,2024-09-25 12:44:46,2025-03-11 16:52:03,83.78
1080,HOM-000081,Understand home along,High-quality home designed for child and kind. Perfect for teach and agree applications. Premium design with DarkKhaki finish.,Home,Home Development,471.23,215.89,47,True,2024-07-17 23:45:56,2024-08-05 10:48:11,
1081,FUR-000082,Commercial furnishings key,High-quality furnishings designed for mind and could. Perfect for member and need applications. Eco-friendly design with LightGoldenRodYellow finish.,Furnishings,Furnishings Mission,28.22,13.46,98,True,2022-12-23 15:46:03,2023-02-09 18:01:40,
1082,HEA-000083,Share health door,High-quality health designed for huge and prepare. Perfect for relate and free applications. Premium design with Blue finish.,Health,Health First,75.0,29.71,124,False,2022-11-17 10:25:12,2022-12-27 09:13:11,
1083,HOM-000084,Town home share,High-quality home furnishings designed for thus and like. Perfect for strong and head applications. Eco-friendly design with Lime finish.,Home Furnishings,Home Furnishings Focus,57.6,32.66,146,True,2022-12-27 19:54:45,2024-06-30 13:41:23,
1084,ELE-000085,Class electronics new,High-quality electronics designed for current and unit. Perfect for end and agency applications. Stylish design with DarkGoldenRod finish.,Electronics,Electronics It,768.84,569.1,22,True,2025-01-26 11:13:47,2025-06-18 10:05:16,897.37
1085,SPO-000086,Major sports reach,High-quality sports designed for gas and skill. Perfect for drug and morning applications. Durable design with SeaGreen finish.,Sports,Sports Film,122.66,114.49,106,True,2023-11-07 12:06:13,2025-06-30 17:01:38,202.41
1086,HOM-000087,Product home figure,High-quality home designed for young and action. Perfect for serious and chance applications. Eco-friendly design with MediumPurple finish.,Home,Home Wall,486.75,311.0,47,True,2025-09-01 06:39:55,2025-09-09 15:31:44,
1087,HOM-000088,Worry home prevent,High-quality home furnishings designed for goal and culture. Perfect for majority and mind applications. Stylish design with LightSalmon finish.,Home Furnishings,Home Furnishings Parent,70.83,40.9,141,True,2024-02-27 03:59:08,2025-07-28 17:07:01,
1088,FUR-000089,Try furnishings until,High-quality furnishings designed for western and behind. Perfect for first and firm applications. Innovative design with GoldenRod finish.,Furnishings,Furnishings Per,36.33,21.24,196,True,2023-12-16 15:55:25,2024-04-05 19:54:46,
1089,ELE-000090,Difference electronics mean,High-quality electronics designed for upon and evidence. Perfect for across and decision applications. Premium design with MidnightBlue finish.,Electronics,Electronics Democrat,1554.87,747.51,13,True,2024-08-27 02:55:58,2025-07-19 23:06:53,
1090,FAS-000091,Vote fashion fund,High-quality fashion designed for seek and any. Perfect for remain and great applications. Durable design with SkyBlue finish.,Fashion,Fashion Risk,277.36,145.2,46,True,2025-06-27 12:10:10,2025-07-22 19:00:46,
1091,APP-000092,Season apparel identify,High-quality apparel designed for east and expert. Perfect for science and crime applications. Stylish design with Bisque finish.,Apparel,Apparel But,172.6,79.75,116,True,2024-10-10 06:49:12,2025-04-06 07:27:17,
1092,LUX-000093,Foot luxury market,High-quality luxury goods designed for activity and within. Perfect for others and carry applications. Innovative design with LightPink finish.,Luxury Goods,Luxury Goods News,94.37,40.78,94,True,2025-03-01 12:36:45,2025-09-01 18:03:13,
1093,APP-000094,Friend apparel enjoy,High-quality apparel designed for wide and son. Perfect for election and Mr applications. Innovative design with MediumTurquoise finish.,Apparel,Apparel Between,87.88,48.46,104,True,2023-01-18 23:17:33,2024-08-11 17:37:09,120.35
1094,ELE-000095,Memory electronics song,High-quality electronics designed for not and fall. Perfect for soldier and car applications. Innovative design with Red finish.,Electronics,Electronics Whom,1645.51,1212.59,10,True,2024-11-26 09:18:01,2025-08-31 03:15:04,2055.92
1095,HOM-000096,Right home per,High-quality home furnishings designed for method and husband. Perfect for seem and guy applications. Premium design with GhostWhite finish.,Home Furnishings,Home Furnishings Approach,62.26,27.57,171,True,2024-11-27 19:45:39,2025-01-22 20:58:08,
1096,SPO-000097,By sports both,High-quality sports designed for officer and baby. Perfect for weight and matter applications. Eco-friendly design with Gray finish.,Sports,Sports Writer,413.44,249.83,19,True,2023-03-06 19:11:04,2023-10-26 01:21:49,
1097,LUX-000098,List luxury off,High-quality luxury goods designed for sing and every. Perfect for attorney and institution applications. Eco-friendly design with Red finish.,Luxury Goods,Luxury Goods Attorney,75.73,36.85,196,True,2022-12-01 10:38:12,2024-06-02 00:26:26,
1098,FAS-000099,Rock fashion agent,High-quality fashion designed for today and while. Perfect for whose and final applications. Premium design with MediumSlateBlue finish.,Fashion,Fashion Professional,174.01,76.28,91,True,2024-03-24 22:22:30,2025-06-27 13:55:34,
1099,HOM-000100,Little home interesting,High-quality home designed for must and state. Perfect for anything and have applications. Innovative design with MediumOrchid finish.,Home,Home Public,605.48,543.2,39,True,2024-05-30 17:07:58,2024-11-16 18:50:10,868.64
1100,HEA-000101,Now health last,High-quality health designed for word and heart. Perfect for call and usually applications. Stylish design with DarkRed finish.,Health,Health Author,188.92,61.06,44,True,2022-11-19 22:19:03,2023-10-15 22:27:44,
1101,ELE-000102,Guy electronics event,High-quality electronics designed for very and this. Perfect for live and sing applications. Eco-friendly design with Aqua finish.,Electronics,Electronics Plan,1971.4,1065.55,24,True,2023-08-28 23:18:29,2025-02-16 22:04:52,
1102,HEA-000103,Smile health that,High-quality health designed for body and memory. Perfect for bag and debate applications. Premium design with Thistle finish.,Health,Health Study,97.77,52.4,41,True,2022-10-13 15:45:31,2024-03-04 14:18:55,122.32
1103,HOM-000104,Challenge home save,High-quality home designed for none and appear. Perfect for remember and future applications. Premium design with DarkKhaki finish.,Home,Home Tonight,715.27,500.61,22,True,2023-02-24 21:46:23,2025-04-29 22:35:53,882.46
1104,ELE-000105,Impact electronics yeah,High-quality electronics designed for learn and alone. Perfect for future and member applications. Durable design with Pink finish.,Electronics,Electronics Sea,463.3,298.3,45,True,2024-04-20 18:53:57,2025-08-04 23:07:29,
1105,LUX-000106,Best luxury stay,High-quality luxury goods designed for at and help. Perfect for cultural and indicate applications. Innovative design with YellowGreen finish.,Luxury Goods,Luxury Goods Position,69.45,35.12,151,True,2025-09-19 20:08:57,2025-09-21 19:45:03,
1106,SPO-000107,College sports within,High-quality sports designed for available and until. Perfect for film and coach applications. Innovative design with Cyan finish.,Sports,Sports Maintain,341.05,249.96,78,True,2023-04-01 03:11:29,2023-11-06 18:22:12,
1107,FUR-000108,Group furnishings set,High-quality furnishings designed for kitchen and defense. Perfect for happen and wear applications. Stylish design with ForestGreen finish.,Furnishings,Furnishings Deal,82.81,34.74,215,True,2024-11-27 00:42:21,2025-03-20 22:57:14,
1108,HEA-000109,Detail health war,High-quality health designed for yard and charge. Perfect for west and base applications. Innovative design with DimGray finish.,Health,Health Allow,24.48,10.46,369,True,2024-10-04 01:46:32,2025-06-14 14:20:06,
1109,FAS-000110,Large fashion enough,High-quality fashion designed for really and reason. Perfect for such and eight applications. Durable design with Azure finish.,Fashion,Fashion By,35.76,15.45,84,False,2023-11-10 13:22:35,2025-01-05 21:30:42,
1110,SPO-000111,Capital sports Mrs,High-quality sports designed for during and evidence. Perfect for budget and effect applications. Innovative design with MediumAquaMarine finish.,Sports,Sports Fish,344.17,196.1,48,True,2023-09-19 11:06:53,2024-08-21 20:19:56,
1111,FAS-000112,Response fashion myself,High-quality fashion designed for son and practice. Perfect for prepare and production applications. Premium design with DarkOliveGreen finish.,Fashion,Fashion Forget,84.29,38.8,88,True,2024-07-31 10:29:07,2025-02-08 14:12:36,
1112,FUR-000113,Money furnishings treat,High-quality furnishings designed for fund and order. Perfect for report and green applications. Stylish design with DimGray finish.,Furnishings,Furnishings Establish,94.17,54.22,118,True,2023-12-04 16:33:58,2024-08-02 09:39:38,
1113,FUR-000114,Mouth furnishings fish,High-quality furnishings designed for long and hair. Perfect for scene and song applications. Stylish design with Gold finish.,Furnishings,Furnishings Assume,34.77,18.83,244,True,2024-12-08 11:23:08,2025-04-27 18:12:42,43.13
1114,HOM-000115,Commercial home fight,High-quality home furnishings designed for themselves and charge. Perfect for effect and capital applications. Innovative design with Moccasin finish.,Home Furnishings,Home Furnishings Media,90.06,40.85,76,True,2025-04-08 15:39:47,2025-07-10 14:59:06,
1115,FAS-000116,Mention fashion capital,High-quality fashion designed for network and treatment. Perfect for to and possible applications. Stylish design with SlateBlue finish.,Fashion,Fashion Someone,172.22,91.21,104,True,2023-05-18 16:00:31,2024-03-27 15:54:47,
1116,FAS-000117,Feeling fashion sit,High-quality fashion designed for manager and yard. Perfect for friend and have applications. Durable design with MidnightBlue finish.,Fashion,Fashion Continue,159.93,94.26,85,True,2023-01-14 08:13:36,2024-05-08 16:27:50,
1117,SPO-000118,Brother sports practice,High-quality sports designed for every and behind. Perfect for involve and city applications. Innovative design with AntiqueWhite finish.,Sports,Sports Go,306.81,229.24,44,True,2025-09-18 02:34:52,2025-09-18 21:49:52,
1118,LUX-000119,Almost luxury score,High-quality luxury goods designed for movie and but. Perfect for tax and point applications. Premium design with IndianRed finish.,Luxury Goods,Luxury Goods Bag,69.33,43.96,119,True,2025-03-10 00:07:38,2025-06-11 06:40:21,98.12
1119,SPO-000120,Red sports risk,High-quality sports designed for word and civil. Perfect for write and receive applications. Innovative design with Salmon finish.,Sports,Sports Other,261.75,175.18,68,True,2023-04-10 07:21:21,2025-02-27 20:41:36,
1120,ELE-000121,Fast electronics fire,High-quality electronics designed for address and down. Perfect for boy and field applications. Innovative design with CornflowerBlue finish.,Electronics,Electronics Value,2042.5,1065.48,21,True,2025-08-08 15:24:44,2025-09-08 23:59:03,
1121,APP-000122,Day apparel remain,High-quality apparel designed for policy and employee. Perfect for think and second applications. Premium design with FireBrick finish.,Apparel,Apparel Six,117.7,63.33,74,True,2024-08-26 02:25:00,2024-09-02 10:09:03,
1122,SPO-000123,Show sports challenge,High-quality sports designed for size and boy. Perfect for just and grow applications. Premium design with Chocolate finish.,Sports,Sports Rate,65.48,35.87,112,True,2025-09-24 12:20:42,2025-09-24 22:28:11,
1123,FAS-000124,Find fashion everything,High-quality fashion designed for news and performance. Perfect for fly and kid applications. Stylish design with Orange finish.,Fashion,Fashion Color,67.88,37.44,195,False,2024-04-10 02:49:31,2024-07-01 16:25:16,
1124,APP-000125,Many apparel strong,High-quality apparel designed for check and management. Perfect for provide and try applications. Premium design with Gray finish.,Apparel,Apparel Relationship,78.07,40.31,106,False,2024-03-15 10:08:50,2025-04-26 03:09:44,
1125,APP-000126,Cold apparel here,High-quality apparel designed for day and what. Perfect for successful and like applications. Durable design with MediumSlateBlue finish.,Apparel,Apparel Forget,112.82,55.6,98,True,2023-11-10 13:22:17,2025-02-17 06:06:55,
1126,FAS-000127,Economic fashion blue,High-quality fashion designed for often and method. Perfect for travel and lay applications. Eco-friendly design with DeepPink finish.,Fashion,Fashion Avoid,183.78,81.47,62,True,2025-04-16 02:50:43,2025-05-16 12:51:59,
1127,LUX-000128,Piece luxury nearly,High-quality luxury goods designed for list and fund. Perfect for nice and exist applications. Eco-friendly design with DimGray finish.,Luxury Goods,Luxury Goods Market,74.82,37.98,126,True,2024-12-03 13:00:27,2025-09-02 09:27:23,
1128,FAS-000129,Put fashion skin,High-quality fashion designed for president and door. Perfect for mention and class applications. Stylish design with SteelBlue finish.,Fashion,Fashion Thank,129.54,63.36,68,True,2025-07-20 12:52:09,2025-09-11 09:07:45,
1129,HEA-000130,Place health face,High-quality health designed for writer and wall. Perfect for design and rich applications. Stylish design with Aqua finish.,Health,Health Including,23.7,13.29,214,True,2023-07-17 20:25:57,2024-10-01 11:32:36,39.3
1130,APP-000131,Democrat apparel last,High-quality apparel designed for send and director. Perfect for statement and his applications. Innovative design with Thistle finish.,Apparel,Apparel Describe,27.94,10.89,240,True,2025-06-25 09:52:37,2025-08-09 05:28:26,
1131,FUR-000132,Success furnishings goal,High-quality furnishings designed for citizen and you. Perfect for how and stop applications. Premium design with Lavender finish.,Furnishings,Furnishings Approach,91.17,47.71,34,True,2023-04-27 02:32:19,2025-06-02 18:11:20,
1132,FUR-000133,Thought furnishings build,High-quality furnishings designed for water and reality. Perfect for this and environmental applications. Premium design with MediumSeaGreen finish.,Furnishings,Furnishings Number,15.81,10.63,142,False,2022-12-21 03:54:35,2025-04-09 20:09:42,21.87
1133,HOM-000134,Office home bit,High-quality home furnishings designed for issue and specific. Perfect for their and yet applications. Eco-friendly design with DeepSkyBlue finish.,Home Furnishings,Home Furnishings Speech,46.11,24.93,160,True,2023-07-10 09:44:33,2023-10-09 05:10:43,
1134,FAS-000135,Social fashion tree,High-quality fashion designed for without and per. Perfect for increase and plan applications. Eco-friendly design with FireBrick finish.,Fashion,Fashion Girl,89.79,42.52,117,True,2023-12-10 19:11:11,2024-12-19 11:36:22,
1135,ELE-000136,From electronics begin,High-quality electronics designed for someone and technology. Perfect for yard and heart applications. Eco-friendly design with SeaGreen finish.,Electronics,Electronics Usually,2360.66,1621.44,22,True,2024-09-24 10:04:58,2024-12-14 16:23:25,
1136,HOM-000137,Option home record,High-quality home furnishings designed for suggest and attorney. Perfect for whose and major applications. Durable design with DeepSkyBlue finish.,Home Furnishings,Home Furnishings Any,39.0,19.09,215,True,2025-03-02 07:51:01,2025-06-10 05:57:23,
1137,LUX-000138,Various luxury guess,High-quality luxury goods designed for he and follow. Perfect for suffer and writer applications. Stylish design with GreenYellow finish.,Luxury Goods,Luxury Goods Onto,55.55,32.47,113,False,2023-05-24 23:40:53,2025-05-11 02:55:39,
1138,HEA-000139,Executive health family,High-quality health designed for feeling and inside. Perfect for window and road applications. Durable design with LightYellow finish.,Health,Health Once,58.86,24.48,175,True,2023-01-08 04:36:02,2024-09-01 11:38:01,
1139,HOM-000140,Each home agree,High-quality home designed for expert and research. Perfect for bank and drop applications. Stylish design with Gainsboro finish.,Home,Home Many,779.63,465.63,44,True,2023-08-24 03:51:27,2024-11-19 18:54:33,
1140,SPO-000141,Either sports offer,High-quality sports designed for phone and throughout. Perfect for from and maybe applications. Stylish design with Crimson finish.,Sports,Sports Remain,302.82,182.22,63,True,2025-09-09 20:10:25,2025-09-09 20:20:43,
1141,HOM-000142,Many home spend,High-quality home designed for ball and animal. Perfect for new and full applications. Innovative design with LightPink finish.,Home,Home Market,661.37,310.0,38,True,2024-11-23 18:28:44,2025-04-29 22:07:54,
1142,SPO-000143,Responsibility sports upon,High-quality sports designed for land and score. Perfect for position and information applications. Durable design with BlueViolet finish.,Sports,Sports Only,133.12,127.31,70,True,2023-10-07 20:20:06,2024-07-10 04:22:28,175.76
1143,HEA-000144,Each health need,High-quality health designed for argue and on. Perfect for note and way applications. Innovative design with DarkKhaki finish.,Health,Health Fund,42.05,15.05,142,True,2023-05-03 15:32:42,2024-03-04 18:58:23,
1144,HEA-000145,Theory health suddenly,High-quality health designed for focus and account. Perfect for determine and ability applications. Eco-friendly design with LightYellow finish.,Health,Health Situation,127.53,55.42,89,True,2025-06-12 11:20:07,2025-07-05 10:08:32,
1145,SPO-000146,Yet sports road,High-quality sports designed for everyone and edge. Perfect for body and get applications. Innovative design with PowderBlue finish.,Sports,Sports Low,106.53,65.84,79,False,2022-10-01 16:04:22,2024-08-01 05:23:39,
1146,FAS-000147,Industry fashion where,High-quality fashion designed for pattern and bar. Perfect for agent and discussion applications. Premium design with AliceBlue finish.,Fashion,Fashion However,210.73,125.63,64,True,2024-10-17 14:46:47,2025-02-13 20:46:00,279.95
1147,HEA-000148,Mean health nature,High-quality health designed for today and than. Perfect for bill and apply applications. Premium design with Coral finish.,Health,Health Place,23.66,10.68,216,True,2025-02-07 21:17:27,2025-03-28 15:01:59,
1148,HOM-000149,Do home ahead,High-quality home furnishings designed for authority and thank. Perfect for everyone and pay applications. Stylish design with MediumPurple finish.,Home Furnishings,Home Furnishings Where,97.93,47.95,93,False,2023-08-30 12:59:00,2025-06-06 22:13:28,
1149,FAS-000150,Personal fashion above,High-quality fashion designed for vote and car. Perfect for let and increase applications. Eco-friendly design with MediumSeaGreen finish.,Fashion,Fashion Ask,201.57,110.93,59,True,2024-04-23 11:05:14,2025-08-02 20:47:53,
1150,APP-000151,Pay apparel next,High-quality apparel designed for season and population. Perfect for authority and account applications. Stylish design with DarkViolet finish.,Apparel,Apparel Billion,156.78,81.24,58,True,2023-07-18 20:52:31,2024-09-02 19:17:20,
1151,FAS-000152,Listen fashion pressure,High-quality fashion designed for letter and current. Perfect for help and data applications. Eco-friendly design with DeepSkyBlue finish.,Fashion,Fashion Rock,115.91,68.35,94,True,2024-04-01 09:55:34,2025-03-02 01:54:41,
1152,FAS-000153,Remember fashion important,High-quality fashion designed for much and address. Perfect for smile and approach applications. Stylish design with Aquamarine finish.,Fashion,Fashion Effect,199.5,80.77,53,True,2023-03-13 21:16:25,2025-03-21 08:23:27,
1153,FAS-000154,Kind fashion change,High-quality fashion designed for order and marriage. Perfect for protect and theory applications. Premium design with Lavender finish.,Fashion,Fashion Degree,32.93,18.94,135,True,2024-07-31 00:42:29,2024-12-29 08:18:25,
1154,SPO-000155,Scene sports modern,High-quality sports designed for TV and kitchen. Perfect for help and approach applications. Premium design with MediumBlue finish.,Sports,Sports Management,442.25,278.81,41,True,2023-03-21 13:41:16,2024-08-04 15:28:43,
1155,ELE-000156,Audience electronics heart,High-quality electronics designed for natural and put. Perfect for series and call applications. Innovative design with Linen finish.,Electronics,Electronics List,1881.03,928.27,11,True,2023-04-27 10:22:43,2023-06-02 07:52:58,
1156,LUX-000157,Important luxury step,High-quality luxury goods designed for rest and several. Perfect for picture and ask applications. Innovative design with AntiqueWhite finish.,Luxury Goods,Luxury Goods Example,61.57,27.6,88,True,2025-01-20 18:02:11,2025-03-04 03:28:58,
1157,FUR-000158,Two furnishings indeed,High-quality furnishings designed for must and all. Perfect for their and cost applications. Eco-friendly design with White finish.,Furnishings,Furnishings Represent,41.55,16.95,191,True,2024-05-09 05:57:16,2025-07-28 11:18:00,
1158,FAS-000159,Forget fashion allow,High-quality fashion designed for teacher and success. Perfect for city and while applications. Stylish design with YellowGreen finish.,Fashion,Fashion Contain,179.46,77.34,77,True,2023-07-17 03:14:27,2023-12-08 04:16:58,
1159,SPO-000160,Until sports protect,High-quality sports designed for policy and structure. Perfect for society and speak applications. Innovative design with DarkSlateBlue finish.,Sports,Sports Science,201.7,127.75,62,True,2025-08-26 15:37:35,2025-09-24 14:21:27,
1160,HEA-000161,Language health begin,High-quality health designed for security and card. Perfect for exist and water applications. Premium design with IndianRed finish.,Health,Health Teacher,139.59,62.11,59,True,2023-12-26 02:59:55,2025-02-12 18:31:34,
1161,SPO-000162,Fund sports later,High-quality sports designed for purpose and speech. Perfect for administration and truth applications. Eco-friendly design with Yellow finish.,Sports,Sports Within,417.3,307.57,80,True,2023-07-24 12:14:05,2023-09-05 14:11:03,
1162,APP-000163,Dream apparel husband,High-quality apparel designed for most and through. Perfect for people and card applications. Innovative design with HotPink finish.,Apparel,Apparel Word,10.18,3.92,289,False,2023-08-04 02:20:48,2024-12-01 16:16:41,
1163,FAS-000164,Up fashion try,High-quality fashion designed for kind and while. Perfect for enjoy and bill applications. Durable design with PaleVioletRed finish.,Fashion,Fashion Enjoy,174.81,85.12,60,True,2025-04-07 14:46:49,2025-04-16 11:30:20,
1164,HEA-000165,Low health study,High-quality health designed for Mrs and resource. Perfect for enter and involve applications. Durable design with Sienna finish.,Health,Health Many,127.7,54.4,133,True,2024-07-28 15:21:12,2024-11-13 06:49:02,
1165,SPO-000166,Role sports deal,High-quality sports designed for PM and hit. Perfect for sit and seat applications. Premium design with YellowGreen finish.,Sports,Sports Television,176.65,135.44,43,True,2023-12-18 21:05:38,2025-01-08 18:03:46,
1166,HOM-000167,Opportunity home so,High-quality home designed for by and TV. Perfect for heart and cut applications. Durable design with Turquoise finish.,Home,Home Wish,273.51,160.24,59,True,2025-05-18 12:54:59,2025-06-04 20:29:16,
1167,HOM-000168,Outside home else,High-quality home furnishings designed for meet and better. Perfect for truth and media applications. Premium design with Lavender finish.,Home Furnishings,Home Furnishings Check,50.11,21.55,123,True,2023-12-17 14:32:54,2024-12-29 15:12:55,
1168,SPO-000169,Start sports top,High-quality sports designed for city and act. Perfect for ten and again applications. Innovative design with RosyBrown finish.,Sports,Sports Build,283.59,164.51,66,True,2025-02-01 15:06:50,2025-02-04 14:39:25,
1169,HOM-000170,Art home like,High-quality home designed for decide and material. Perfect for cost and action applications. Innovative design with DarkViolet finish.,Home,Home True,124.95,55.44,81,False,2023-09-17 12:31:22,2024-10-30 22:57:08,
1170,HEA-000171,Federal health party,High-quality health designed for clearly and language. Perfect for key and family applications. Stylish design with OrangeRed finish.,Health,Health Kid,135.91,59.97,114,True,2024-02-17 01:04:48,2024-06-19 20:07:43,
1171,HEA-000172,Eye health way,High-quality health designed for thought and expert. Perfect for design and young applications. Innovative design with OliveDrab finish.,Health,Health Peace,141.22,65.81,106,True,2023-07-10 12:54:56,2025-02-01 07:17:35,162.29
1172,HOM-000173,Similar home time,High-quality home furnishings designed for gun and even. Perfect for move and kitchen applications. Stylish design with Peru finish.,Home Furnishings,Home Furnishings Dog,44.37,26.61,187,True,2025-03-06 19:07:49,2025-05-23 05:54:58,
1173,FUR-000174,Mean furnishings talk,High-quality furnishings designed for pressure and bring. Perfect for senior and report applications. Eco-friendly design with DodgerBlue finish.,Furnishings,Furnishings The,71.53,40.92,150,True,2023-12-09 06:17:07,2024-07-16 16:25:40,
1174,APP-000175,Left apparel six,High-quality apparel designed for success and century. Perfect for fact and political applications. Eco-friendly design with Lime finish.,Apparel,Apparel Position,126.16,56.57,98,True,2025-07-07 00:05:45,2025-07-23 17:59:37,
1175,SPO-000176,Bar sports six,High-quality sports designed for suddenly and history. Perfect for nation and evidence applications. Eco-friendly design with DeepSkyBlue finish.,Sports,Sports Season,134.1,94.5,129,True,2024-01-20 22:53:22,2025-07-04 03:24:17,
1176,ELE-000177,Interesting electronics night,High-quality electronics designed for whole and tax. Perfect for single and simply applications. Stylish design with LightGray finish.,Electronics,Electronics Rich,1133.44,693.08,39,True,2022-10-06 00:50:09,2022-12-12 02:54:44,
1177,HOM-000178,Responsibility home than,High-quality home designed for particular and evidence. Perfect for particular and kind applications. Eco-friendly design with SlateGray finish.,Home,Home Always,254.01,138.19,45,True,2023-07-07 08:47:19,2025-08-21 23:35:01,
1178,APP-000179,Four apparel bar,High-quality apparel designed for provide and really. Perfect for research and serious applications. Durable design with SlateBlue finish.,Apparel,Apparel World,104.12,38.93,61,True,2023-04-03 01:46:05,2025-06-01 21:27:31,
1179,HOM-000180,International home there,High-quality home furnishings designed for large and want. Perfect for oil and fall applications. Eco-friendly design with Linen finish.,Home Furnishings,Home Furnishings Possible,75.49,43.54,65,True,2025-04-17 00:09:17,2025-07-18 16:53:59,
1180,LUX-000181,Side luxury where,High-quality luxury goods designed for future and daughter. Perfect for good and official applications. Durable design with Beige finish.,Luxury Goods,Luxury Goods World,70.76,34.14,115,True,2024-10-27 22:38:14,2025-01-07 21:10:00,
1181,HOM-000182,Need home item,High-quality home designed for happy and story. Perfect for management and speak applications. Premium design with MistyRose finish.,Home,Home Price,859.32,402.54,23,False,2023-01-14 12:54:40,2024-06-30 20:43:11,
1182,HOM-000183,Pick home my,High-quality home furnishings designed for hot and special. Perfect for establish and hand applications. Premium design with LimeGreen finish.,Home Furnishings,Home Furnishings Black,33.84,18.85,126,True,2024-12-23 20:51:01,2025-01-28 10:07:01,
1183,SPO-000184,Itself sports car,High-quality sports designed for moment and success. Perfect for likely and stay applications. Durable design with LemonChiffon finish.,Sports,Sports Probably,358.4,205.98,57,True,2025-05-15 11:12:14,2025-07-02 03:03:42,
1184,HOM-000185,Take home only,High-quality home furnishings designed for operation and growth. Perfect for system and newspaper applications. Durable design with DarkSalmon finish.,Home Furnishings,Home Furnishings Itself,84.54,44.9,105,True,2025-06-27 10:02:44,2025-07-26 03:29:02,
1185,HOM-000186,Too home successful,High-quality home furnishings designed for research and up. Perfect for compare and ten applications. Premium design with SlateGray finish.,Home Furnishings,Home Furnishings Control,22.21,10.85,220,True,2025-06-11 15:27:10,2025-07-10 06:58:59,
1186,SPO-000187,House sports until,High-quality sports designed for she and establish. Perfect for most and hope applications. Premium design with LavenderBlush finish.,Sports,Sports Interesting,30.25,21.51,217,True,2025-08-31 03:15:58,2025-09-24 20:29:55,
1187,HOM-000188,Wrong home on,High-quality home designed for cut and card. Perfect for owner and exist applications. Durable design with SeaGreen finish.,Home,Home People,396.02,296.84,55,True,2023-03-02 14:43:38,2025-02-21 17:45:23,469.38
1188,APP-000189,Against apparel choice,High-quality apparel designed for off and write. Perfect for wide and building applications. Premium design with Fuchsia finish.,Apparel,Apparel Little,124.58,45.49,65,True,2024-02-25 21:03:43,2024-07-04 03:53:39,
1189,FUR-000190,It furnishings court,High-quality furnishings designed for action and receive. Perfect for cold and doctor applications. Stylish design with Coral finish.,Furnishings,Furnishings Ball,84.42,36.67,69,True,2024-05-13 20:01:51,2024-08-26 16:20:51,
1190,LUX-000191,Dinner luxury dog,High-quality luxury goods designed for either and its. Perfect for performance and billion applications. Stylish design with Violet finish.,Luxury Goods,Luxury Goods Ready,27.1,13.81,233,True,2025-08-24 06:25:58,2025-08-24 12:42:48,
1191,SPO-000192,Whole sports worker,High-quality sports designed for successful and natural. Perfect for ever and them applications. Eco-friendly design with Orange finish.,Sports,Sports Happen,203.89,165.13,49,True,2023-10-30 00:31:49,2025-04-09 04:53:44,263.27
1192,HOM-000193,Important home determine,High-quality home furnishings designed for difficult and quickly. Perfect for manager and the applications. Stylish design with LightGreen finish.,Home Furnishings,Home Furnishings Tonight,84.47,45.32,97,True,2023-12-24 02:45:03,2024-01-11 02:27:22,
1193,FAS-000194,Perhaps fashion dream,High-quality fashion designed for ground and task. Perfect for tree and help applications. Durable design with SkyBlue finish.,Fashion,Fashion Item,272.27,138.53,50,True,2024-08-18 02:01:29,2025-02-23 12:12:03,
1194,HEA-000195,Thing health cost,High-quality health designed for executive and picture. Perfect for any and lot applications. Stylish design with Indigo finish.,Health,Health Good,152.19,48.96,73,True,2022-11-13 10:29:27,2025-07-02 23:53:18,
1195,APP-000196,Number apparel official,High-quality apparel designed for talk and modern. Perfect for Mr and rise applications. Durable design with LavenderBlush finish.,Apparel,Apparel Half,192.69,86.73,48,True,2024-07-17 02:49:37,2025-04-01 12:15:22,
1196,FUR-000197,Rest furnishings Congress,High-quality furnishings designed for good and state. Perfect for clearly and floor applications. Premium design with Crimson finish.,Furnishings,Furnishings Usually,49.78,29.42,136,True,2025-01-17 18:30:18,2025-05-22 12:26:34,
1197,HOM-000198,Event home feel,High-quality home designed for from and manager. Perfect for science and perform applications. Eco-friendly design with Gold finish.,Home,Home Catch,83.06,51.62,120,True,2024-05-29 09:46:57,2025-02-06 21:37:03,
1198,LUX-000199,Somebody luxury nor,High-quality luxury goods designed for human and yet. Perfect for area and wife applications. Stylish design with PaleVioletRed finish.,Luxury Goods,Luxury Goods Class,39.73,24.08,139,True,2024-08-14 05:53:37,2024-10-08 23:31:27,46.86
1199,LUX-000200,Recently luxury time,High-quality luxury goods designed for soldier and professional. Perfect for buy and enter applications. Eco-friendly design with PaleVioletRed finish.,Luxury Goods,Luxury Goods Any,77.96,40.34,176,True,2025-09-14 20:35:03,2025-09-25 05:28:19,
